date,aboard,fatalities
1908-09-17,2,1
1909-09-07,1,1
1912-07-12,5,5
1913-08-06,1,1
1913-09-09,20,14
1913-10-17,28,28
1915-03-05,41,17
1915-09-03,19,19
1916-07-28,20,20
1916-09-24,22,22
1916-10-01,19,19
1916-11-21,28,27
1916-11-28,20,20
1917-03-04,20,20
1917-03-30,23,23
1917-05-14,21,21
1917-06-14,24,24
1917-06-17,16,14
1917-08-21,18,18
1917-10-20,18,18
1918-04-07,23,23
1918-08-05,22,22
1918-08-11,19,19
1918-12-16,1,1
1919-05-25,1,1
1919-07-19,1,1
1919-08-02,14,14
1919-10-02,1,1
1919-10-14,1,1
1919-10-30,1,1
1919-12-11,1,1
1920-03-10,1,1
1920-03-30,1,1
1920-04-10,2,1
1920-04-11,2,1
1920-05-12,2,1
1920-06-06,1,1
1920-07-20,1,1
1920-08-16,1,1
1920-08-16,1,1
1920-09-01,2,2
1920-09-15,2,2
1920-09-27,1,1
1920-10-02,2,2
1920-10-05,2,2
1920-10-15,1,1
1920-11-07,1,1
1920-12-14,8,4
1920-12-24,1,1
1921-02-03,1,1
1921-02-09,3,3
1921-02-15,2,2
1921-02-22,1,1
1921-04-06,2,2
1921-04-21,1,1
1921-04-29,1,1
1921-05-17,1,1
1921-08-14,2,2
1921-08-24,49,43
1921-09-06,5,5
1921-12-05,2,2
1922-01-14,5,5
1922-02-21,45,34
1922-03-22,6,5
1922-04-07,7,7
1922-04-08,17,17
1922-06-03,3,3
1922-07-04,3,2
1922-07-16,5,5
1922-07-26,3,3
1922-09-07,1,1
1922-10-02,4,4
1922-10-25,2,2
1922-12-03,1,1
1923-01-10,4,3
1923-01-17,1,1
1923-01-18,1,1
1923-02-26,1,1
1923-05-14,6,6
1923-08-27,11,1
1923-08-27,2,2
1923-09-07,1,1
1923-09-14,5,5
1923-11-18,5,3
1923-12-06,1,1
1923-12-23,52,52
1923-12-24,1,1
1924-03-07,1,1
1924-04-24,3,3
1924-06-08,5,5
1924-08-01,1,1
1924-11-06,1,1
1924-12-21,1,1
1924-12-24,8,8
1925-03-22,5,5
1925-04-25,3,3
1925-06-25,4,4
1925-06-26,2,2
1925-07-20,1,1
1925-07-24,1,1
1925-09-03,43,14
1925-10-01,1,1
1925-11-14,1,1
1925-11-14,2,2
1926-02-12,1,1
1926-03-08,1,1
1926-05-31,1,1
1926-07-03,6,6
1926-07-09,2,2
1926-07-24,5,5
1926-08-18,15,3
1926-09-26,5,2
1926-10-02,7,7
1926-10-08,4,4
1926-10-21,12,0
1926-11-11,3,3
1926-12-16,1,1
1927-03-20,1,1
1927-03-24,3,3
1927-04-15,1,1
1927-04-22,2,2
1927-04-22,1,1
1927-05-02,3,1
1927-07-27,5,5
1927-08-22,11,1
1927-09-03,1,1
1927-09-17,12,7
1927-09-17,3,3
1927-09-23,6,6
1927-10-06,2,2
1927-10-30,4,4
1927-11-08,1,1
1927-11-16,6,6
1927-11-29,1,1
1927-12-28,1,1
1927-12-31,5,5
1928-01-08,3,3
1928-01-16,2,2
1928-01-22,1,1
1928-01-22,2,2
1928-01-27,1,1
1928-02-26,2,1
1928-03-11,2,2
1928-04-17,2,1
1928-04-19,9,9
1928-05-07,5,1
1928-05-12,2,2
1928-05-26,5,3
1928-06-14,5,5
1928-06-22,1,1
1928-07-10,6,6
1928-07-13,6,4
1928-07-24,6,1
1928-08-25,7,7
1928-09-02,5,5
1928-09-04,2,1
1928-09-04,7,7
1928-09-06,3,3
1928-10-04,3,3
1928-10-18,1,1
1928-10-31,2,1
1928-11-15,3,1
1928-11-24,3,3
1928-11-25,1,1
1928-11-25,1,1
1928-12-01,5,5
1928-12-03,14,14
1928-12-10,5,5
1928-12-11,4,3
1928-12-20,1,1
1928-12-23,4,4
1928-12-31,3,2
1929-01-05,1,1
1929-01-18,1,1
1929-01-25,9,2
1929-01-31,2,2
1929-01-31,1,1
1929-03-17,15,14
1929-03-30,4,4
1929-04-21,6,6
1929-05-09,5,5
1929-05-18,2,2
1929-05-22,6,4
1929-06-13,5,2
1929-06-14,2,1
1929-06-17,13,7
1929-06-24,8,1
1929-06-29,5,5
1929-06-29,1,1
1929-08-11,4,4
1929-08-24,1,1
1929-08-24,5,4
1929-09-02,2,1
1929-09-03,8,8
1929-09-06,5,3
1929-09-14,6,6
1929-09-14,6,6
1929-09-17,1,1
1929-09-17,5,5
1929-09-17,2,1
1929-10-26,7,7
1929-10-29,1,1
1929-10-31,2,2
1929-11-04,4,4
1929-11-06,8,7
1929-11-16,3,3
1929-11-20,12,1
1929-11-30,1,1
1929-12-02,1,1
1929-12-19,3,2
1929-12-30,5,5
1930-01-02,10,10
1930-01-10,1,1
1930-01-13,3,3
1930-01-19,16,16
1930-01-25,2,2
1930-01-27,5,5
1930-02-03,1,1
1930-02-10,6,2
1930-04-18,4,4
1930-05-10,4,3
1930-06-05,15,1
1930-07-07,8,5
1930-07-10,5,5
1930-07-21,6,6
1930-08-22,11,10
1930-09-11,2,2
1930-09-25,3,3
1930-10-05,54,48
1930-10-06,8,8
1930-10-12,4,4
1930-10-13,3,3
1930-10-28,3,3
1930-10-30,1,1
1930-10-30,6,3
1930-11-07,9,1
1930-11-18,3,3
1930-12-09,6,4
1931-01-08,2,2
1931-01-22,1,1
1931-02-08,3,3
1931-02-20,3,2
1931-02-24,3,1
1931-03-21,8,8
1931-03-31,8,8
1931-04-14,10,2
1931-05-05,2,2
1931-05-22,1,1
1931-05-24,1,1
1931-06-07,4,4
1931-06-11,3,2
1931-06-13,4,4
1931-07-12,2,2
1931-07-14,2,2
1931-07-21,1,1
1931-07-24,7,7
1931-08-09,6,6
1931-09-14,1,1
1931-09-15,6,6
1931-09-16,4,4
1931-10-06,3,3
1931-10-14,3,3
1931-11-05,5,5
1931-11-13,3,3
1931-11-23,1,1
1931-11-24,3,3
1931-11-26,1,1
1931-12-05,6,2
1931-12-06,7,5
1931-12-09,2,2
1931-12-31,5,4
1932-01-21,1,1
1932-01-29,8,8
1932-02-01,5,5
1932-02-02,2,1
1932-02-02,1,1
1932-02-27,3,3
1932-03-08,5,3
1932-03-19,7,7
1932-03-21,1,1
1932-03-29,3,3
1932-03-31,1,1
1932-04-21,1,1
1932-05-16,3,3
1932-05-30,2,1
1932-07-16,9,9
1932-08-12,7,0
1932-08-31,2,2
1932-09-08,4,3
1932-09-17,2,1
1932-09-18,3,3
1932-10-12,1,1
1932-10-26,2,2
1932-10-29,2,2
1932-11-02,5,5
1932-11-25,2,2
1932-12-14,2,2
1932-12-14,1,1
1932-12-26,1,1
1933-01-10,3,1
1933-01-14,2,2
1933-01-20,1,1
1933-01-20,1,1
1933-01-24,3,2
1933-03-11,2,2
1933-03-25,3,3
1933-03-28,15,15
1933-04-03,2,1
1933-04-04,76,73
1933-04-23,8,5
1933-04-29,4,4
1933-05-09,6,6
1933-06-04,1,1
1933-06-11,9,9
1933-07-18,6,6
1933-08-29,5,5
1933-09-12,8,8
1933-10-10,10,10
1933-10-31,5,2
1933-11-09,10,4
1933-11-10,1,0
1933-11-20,8,8
1933-11-21,20,14
1933-11-24,2,2
1933-12-11,10,6
1933-12-14,6,5
1933-12-30,10,10
1934-01-15,14,14
1934-01-20,2,2
1934-02-23,8,8
1934-02-26,6,1
1934-03-06,4,4
1934-03-10,6,5
1934-03-22,15,3
1934-04-10,3,3
1934-05-09,6,6
1934-05-31,2,2
1934-06-09,7,7
1934-06-11,10,6
1934-06-22,7,1
1934-06-23,1,1
1934-07-09,4,3
1934-07-27,12,12
1934-08-05,2,2
1934-08-31,5,5
1934-10-02,7,7
1934-10-03,3,3
1934-10-19,11,11
1934-11-02,4,2
1934-11-15,2,2
1934-11-15,4,4
1934-12-07,3,3
1934-12-08,1,1
1934-12-10,8,4
1934-12-20,7,7
1934-12-22,1,1
1934-12-31,10,10
1935-01-08,2,0
1935-01-26,1,1
1935-01-31,11,11
1935-02-12,83,2
1935-03-07,3,0
1935-03-15,6,3
1935-03-29,5,5
1935-04-01,3,1
1935-04-06,7,7
1935-05-01,1,1
1935-05-06,14,5
1935-05-18,50,50
1935-05-18,12,3
1935-05-27,1,1
1935-05-28,2,2
1935-05-29,9,6
1935-06-24,20,17
1935-07-14,20,6
1935-07-19,2,2
1935-07-20,13,13
1935-07-23,8,1
1935-07-28,5,5
1935-08-07,7,7
1935-08-14,4,4
1935-08-15,2,2
1935-08-15,3,3
1935-09-01,3,3
1935-09-13,8,8
1935-10-02,5,5
1935-10-07,12,12
1935-10-09,6,6
1935-10-21,6,1
1935-10-30,4,4
1935-11-02,4,4
1935-11-09,1,1
1935-11-09,13,12
1935-11-11,3,3
1935-12-04,2,1
1935-12-10,11,11
1935-12-24,3,3
1935-12-31,13,12
1936-01-14,16,13
1936-01-14,17,17
1936-01-17,13,13
1936-01-21,6,6
1936-01-29,6,1
1936-02-10,6,6
1936-02-15,4,4
1936-03-05,6,0
1936-03-14,5,5
1936-03-26,14,14
1936-04-01,2,2
1936-04-07,14,12
1936-04-11,25,3
1936-04-15,7,7
1936-04-17,5,3
1936-04-21,2,2
1936-04-30,2,2
1936-05-16,2,2
1936-06-09,15,1
1936-06-13,6,1
1936-06-16,7,7
1936-07-15,7,7
1936-07-28,6,6
1936-07-31,10,10
1936-08-02,3,3
1936-08-03,1,1
1936-08-05,8,8
1936-08-06,3,2
1936-08-12,2,2
1936-08-22,11,2
1936-09-05,11,10
1936-09-24,10,9
1936-09-25,2,2
1936-09-28,3,3
1936-09-29,4,4
1936-10-06,1,1
1936-10-09,1,1
1936-11-01,15,11
1936-11-17,16,4
1936-11-19,4,2
1936-12-04,6,6
1936-12-06,14,9
1936-12-07,5,5
1936-12-09,17,15
1936-12-15,7,7
1936-12-18,2,2
1936-12-19,11,0
1936-12-23,6,6
1936-12-27,12,12
1937-01-11,9,9
1937-01-12,13,5
1937-01-26,12,12
1937-02-09,11,11
1937-02-19,7,5
1937-03-12,4,4
1937-03-24,6,5
1937-03-25,13,13
1937-03-26,6,0
1937-05-06,97,35
1937-05-20,4,4
1937-06-02,9,9
1937-06-20,6,6
1937-07-02,2,2
1937-07-28,15,15
1937-08-02,9,9
1937-08-02,14,14
1937-08-06,5,5
1937-08-08,11,3
1937-08-10,9,4
1937-08-23,3,3
1937-08-27,1,1
1937-10-01,14,2
1937-10-06,11,4
1937-10-17,19,19
1937-10-27,7,7
1937-11-11,11,4
1937-11-12,12,10
1937-11-12,11,4
1937-11-16,11,11
1937-11-26,3,3
1937-12-04,17,4
1937-12-05,19,2
1937-12-05,8,2
1937-12-08,7,2
1937-12-24,3,3
1938-01-04,6,6
1938-01-10,10,10
1938-01-11,7,7
1938-01-12,1,1
1938-02-02,14,11
1938-02-05,19,13
1938-02-09,2,2
1938-02-09,12,8
1938-02-13,14,14
1938-02-22,3,3
1938-03-01,9,9
1938-03-07,7,7
1938-03-08,1,1
1938-03-23,8,8
1938-04-30,19,19
1938-05-05,6,1
1938-05-10,2,2
1938-05-16,9,9
1938-05-22,17,6
1938-05-24,10,10
1938-05-27,1,1
1938-05-27,3,3
1938-06-08,3,3
1938-06-19,4,4
1938-07-08,10,1
1938-07-14,20,20
1938-07-19,4,4
1938-07-22,14,14
1938-07-27,4,4
1938-07-29,15,15
1938-08-10,12,12
1938-08-10,6,6
1938-08-12,11,11
1938-08-13,17,16
1938-08-15,9,9
1938-08-18,7,0
1938-08-18,15,15
1938-08-24,17,14
1938-08-24,5,5
1938-08-29,11,0
1938-08-29,9,5
1938-10-01,4,4
1938-10-01,13,13
1938-10-10,20,20
1938-10-25,18,18
1938-11-02,2,2
1938-11-04,14,14
1938-11-14,19,6
1938-11-18,2,2
1938-11-26,15,12
1938-11-27,6,4
1938-11-29,7,5
1938-12-02,8,8
1938-12-08,15,10
1938-12-09,4,4
1938-12-12,13,13
1939-01-07,17,5
1939-01-13,10,10
1939-01-13,4,4
1939-01-18,4,4
1939-01-21,13,3
1939-02-12,6,6
1939-02-24,10,10
1939-03-14,3,3
1939-03-16,8,8
1939-03-18,10,10
1939-03-26,12,8
1939-04-03,9,9
1939-05-01,4,2
1939-05-02,9,9
1939-05-08,1,1
1939-06-06,4,0
1939-06-10,3,3
1939-06-20,3,3
1939-07-20,6,6
1939-08-04,7,7
1939-08-13,16,14
1939-08-15,6,5
1939-08-28,2,2
1939-08-30,7,7
1939-09-26,20,1
1939-10-10,5,5
1939-11-20,2,2
1939-12-18,9,9
1939-12-21,8,5
1939-12-24,7,7
1940-01-22,9,8
1940-02-10,10,10
1940-02-27,11,11
1940-03-01,8,8
1940-03-16,14,14
1940-04-22,5,5
1940-06-02,5,5
1940-06-14,9,9
1940-06-20,1,1
1940-07-07,4,4
1940-08-09,13,2
1940-08-13,10,10
1940-08-22,11,11
1940-08-23,15,15
1940-08-31,25,25
1940-10-22,12,7
1940-10-29,14,9
1940-10-29,15,2
1940-11-04,17,17
1940-11-04,10,10
1940-11-08,18,18
1940-11-08,29,29
1940-11-27,6,6
1940-12-04,16,10
1940-12-24,7,7
1941-01-10,16,16
1941-01-15,10,10
1941-01-17,16,12
1941-01-20,6,5
1941-01-23,13,2
1941-02-06,12,12
1941-02-26,16,9
1941-03-01,12,3
1941-03-28,10,10
1941-06-03,6,6
1941-06-18,18,0
1941-06-21,18,18
1941-07-30,25,5
1941-08-10,22,22
1941-08-14,22,22
1941-08-18,14,8
1941-08-27,3,3
1941-09-01,10,10
1941-09-01,17,15
1941-10-03,15,2
1941-10-28,13,13
1941-10-30,15,14
1941-10-30,20,20
1941-11-29,36,7
1941-12-11,3,3
1941-12-26,34,26
1941-12-29,4,4
1942-01-16,22,22
1942-01-20,11,11
1942-01-26,5,5
1942-01-30,18,13
1942-02-15,9,9
1942-02-19,1,1
1942-02-20,9,9
1942-02-28,20,20
1942-03-03,12,8
1942-03-03,21,20
1942-03-14,17,13
1942-04-21,12,12
1942-05-01,17,17
1942-05-12,14,3
1942-05-19,20,20
1942-07-01,21,21
1942-07-07,10,10
1942-07-20,13,13
1942-08-13,10,4
1942-08-21,4,4
1942-08-22,13,13
1942-08-23,15,14
1942-09-24,19,19
1942-09-27,25,25
1942-09-28,15,15
1942-09-28,15,15
1942-10-03,37,11
1942-10-22,12,10
1942-10-22,17,17
1942-10-23,13,12
1942-10-24,6,6
1942-10-30,10,10
1942-11-17,20,20
1942-12-12,36,36
1942-12-15,19,17
1942-12-19,16,2
1942-12-20,13,13
1943-01-09,15,13
1943-01-15,35,35
1943-01-18,26,26
1943-01-21,19,19
1943-01-22,15,14
1943-02-09,21,19
1943-02-18,10,10
1943-02-22,39,25
1943-03-11,3,3
1943-03-13,3,3
1943-03-27,24,24
1943-04-04,7,7
1943-04-22,31,13
1943-06-01,17,17
1943-06-07,20,20
1943-06-08,23,23
1943-06-14,41,40
1943-06-16,17,17
1943-06-30,16,16
1943-07-04,13,12
1943-07-27,11,11
1943-07-28,25,10
1943-07-28,22,20
1943-08-01,10,10
1943-08-07,27,27
1943-08-11,3,3
1943-08-14,17,17
1943-08-27,21,18
1943-08-27,7,7
1943-09-10,22,22
1943-09-20,25,25
1943-09-22,20,20
1943-10-15,15,15
1943-10-19,24,24
1943-10-22,20,20
1943-10-22,15,13
1943-11-05,19,19
1943-11-08,1,1
1943-11-19,3,2
1943-11-19,3,3
1943-11-26,15,15
1943-12-17,10,10
1943-12-18,3,3
1943-12-19,31,31
1943-12-29,25,25
1944-01-15,5,5
1944-02-10,24,24
1944-02-10,14,14
1944-02-20,2,2
1944-02-21,16,16
1944-03-22,21,21
1944-04-06,6,6
1944-04-17,7,5
1944-04-21,20,9
1944-04-25,16,16
1944-05-26,12,12
1944-05-27,14,14
1944-06-06,22,22
1944-06-06,22,22
1944-06-06,22,22
1944-06-08,6,6
1944-06-18,4,2
1944-06-20,10,10
1944-07-11,2,2
1944-07-23,17,17
1944-07-26,26,26
1944-07-27,22,22
1944-07-31,24,22
1944-08-03,28,28
1944-08-08,31,17
1944-08-12,2,2
1944-08-23,3,3
1944-08-28,20,20
1944-08-29,15,11
1944-08-30,18,18
1944-09-02,5,5
1944-09-07,20,20
1944-09-17,13,13
1944-09-18,19,19
1944-09-21,17,17
1944-09-27,9,9
1944-10-07,3,3
1944-10-10,7,7
1944-10-11,30,1
1944-10-11,29,1
1944-10-16,15,15
1944-10-17,9,1
1944-10-18,24,24
1944-11-04,24,24
1944-11-06,17,17
1944-11-10,20,20
1944-11-19,30,25
1944-11-29,11,11
1944-11-29,16,16
1944-11-29,10,10
1944-11-30,3,3
1944-12-01,17,9
1944-12-03,5,5
1944-12-07,16,16
1944-12-15,3,3
1945-01-06,4,4
1945-01-08,30,23
1945-01-10,24,24
1945-01-14,6,4
1945-01-16,3,3
1945-01-23,11,11
1945-01-31,10,10
1945-02-02,26,23
1945-02-06,23,23
1945-02-13,24,24
1945-02-15,11,11
1945-02-23,8,8
1945-02-23,22,17
1945-02-23,30,13
1945-03-27,24,24
1945-04-09,3,3
1945-04-14,20,20
1945-04-19,13,13
1945-04-20,20,18
1945-04-20,25,25
1945-04-21,21,21
1945-04-23,31,31
1945-04-27,13,6
1945-05-05,21,21
1945-05-06,30,30
1945-05-09,31,31
1945-05-13,23,20
1945-05-30,21,21
1945-06-15,3,3
1945-06-24,11,2
1945-06-25,27,27
1945-06-29,2,2
1945-06-30,12,12
1945-07-04,15,15
1945-07-11,28,28
1945-07-12,10,3
1945-07-28,3,3
1945-08-01,12,12
1945-08-03,14,4
1945-08-11,16,16
1945-09-07,22,22
1945-09-11,11,11
1945-09-15,24,23
1945-09-18,29,29
1945-09-28,20,20
1945-10-05,15,2
1945-10-05,23,23
1945-10-07,26,26
1945-10-13,31,31
1945-10-16,59,59
1945-10-20,31,31
1945-10-20,25,25
1945-10-23,14,14
1945-10-24,5,5
1945-10-24,16,9
1945-10-30,50,45
1945-11-01,30,26
1945-11-03,44,44
1945-11-07,3,1
1945-11-08,27,22
1945-11-09,24,24
1945-11-11,20,20
1945-11-11,44,44
1945-11-11,29,29
1945-11-13,17,16
1945-11-15,28,28
1945-11-22,27,27
1945-12-03,28,28
1945-12-05,14,14
1945-12-05,13,13
1945-12-08,21,17
1945-12-18,17,17
1945-12-25,8,8
1945-12-25,10,10
1945-12-30,12,1
1946-01-06,11,3
1946-01-09,18,18
1946-01-14,22,22
1946-01-15,25,23
1946-01-18,17,17
1946-01-19,7,7
1946-01-30,11,11
1946-01-31,21,21
1946-02-05,20,20
1946-02-21,14,1
1946-03-03,27,27
1946-03-05,15,12
1946-03-10,25,25
1946-03-17,20,20
1946-03-19,26,26
1946-03-23,10,10
1946-04-01,6,6
1946-04-05,4,4
1946-04-08,14,14
1946-04-22,21,20
1946-04-30,12,12
1946-05-10,28,28
1946-05-16,27,27
1946-05-22,14,13
1946-06-01,38,30
1946-06-09,23,23
1946-06-09,18,18
1946-06-29,18,18
1946-06-29,3,2
1946-07-09,25,25
1946-07-11,6,5
1946-07-13,49,13
1946-07-17,30,30
1946-07-18,13,13
1946-07-20,20,20
1946-07-25,22,22
1946-07-26,9,9
1946-08-07,16,3
1946-08-09,6,4
1946-08-14,5,1
1946-08-20,9,8
1946-08-21,25,2
1946-08-24,9,6
1946-08-31,7,7
1946-09-03,22,22
1946-09-04,26,20
1946-09-05,22,21
1946-09-07,24,24
1946-09-07,4,4
1946-09-15,21,21
1946-09-17,7,1
1946-09-18,44,27
1946-09-19,25,25
1946-09-20,28,28
1946-09-25,19,19
1946-09-27,7,7
1946-09-27,25,25
1946-10-03,39,39
1946-10-06,21,21
1946-10-07,1,1
1946-10-08,41,2
1946-10-10,16,16
1946-10-17,13,13
1946-10-17,11,11
1946-10-23,24,1
1946-11-01,27,23
1946-11-05,26,13
1946-11-11,20,2
1946-11-13,11,11
1946-11-13,15,15
1946-11-14,26,26
1946-11-16,23,23
1946-11-26,22,22
1946-11-30,18,5
1946-12-04,24,24
1946-12-10,24,24
1946-12-10,32,32
1946-12-14,14,12
1946-12-17,7,7
1946-12-23,21,21
1946-12-24,12,12
1946-12-25,34,13
1946-12-25,30,20
1946-12-25,11,11
1946-12-28,2,2
1946-12-28,23,13
1946-12-28,21,2
1947-01-03,14,11
1947-01-05,43,43
1947-01-05,23,3
1947-01-11,16,8
1947-01-11,42,7
1947-01-12,19,18
1947-01-14,21,21
1947-01-22,17,17
1947-01-25,23,12
1947-01-25,19,19
1947-01-25,4,4
1947-01-26,22,22
1947-01-28,26,25
1947-02-01,20,19
1947-02-05,3,1
1947-02-06,11,11
1947-02-14,2,2
1947-02-15,53,53
1947-02-15,16,16
1947-02-21,21,21
1947-02-26,12,12
1947-03-05,23,23
1947-03-08,13,13
1947-03-08,9,9
1947-03-14,23,23
1947-03-17,8,8
1947-03-18,15,11
1947-04-08,27,27
1947-04-13,15,6
1947-04-22,10,10
1947-04-28,15,15
1947-05-04,11,11
1947-05-11,4,4
1947-05-16,22,22
1947-05-29,48,43
1947-05-29,40,40
1947-05-29,25,25
1947-05-30,53,53
1947-06-04,2,2
1947-06-11,18,5
1947-06-13,50,50
1947-06-19,36,14
1947-06-21,29,8
1947-07-01,13,13
1947-07-13,36,14
1947-07-15,19,1
1947-07-16,6,6
1947-07-25,6,2
1947-07-31,26,26
1947-08-02,11,11
1947-08-06,20,20
1947-08-08,5,3
1947-08-09,5,1
1947-08-13,8,3
1947-08-21,3,3
1947-08-23,26,10
1947-08-28,35,35
1947-10-08,54,0
1947-10-14,69,0
1947-10-16,43,41
1947-10-16,3,3
1947-10-24,53,53
1947-10-26,44,44
1947-10-26,18,18
1947-10-31,25,25
1947-11-02,5,5
1947-11-11,25,0
1947-11-13,2,2
1947-11-18,5,5
1947-11-18,25,20
1947-11-21,26,13
1947-11-27,3,2
1947-11-27,13,13
1947-11-27,22,22
1947-11-28,20,20
1947-11-30,28,8
1947-12-10,29,23
1947-12-11,20,20
1947-12-18,25,9
1947-12-23,30,25
1947-12-27,23,23
1947-12-28,10,5
1948-01-06,16,16
1948-01-06,18,1
1948-01-07,27,18
1948-01-08,9,9
1948-01-11,32,32
1948-01-13,9,5
1948-01-20,54,11
1948-01-28,32,32
1948-01-30,31,31
1948-02-07,69,1
1948-02-10,19,19
1948-02-12,21,12
1948-02-20,10,7
1948-02-21,14,14
1948-02-23,12,12
1948-02-25,2,2
1948-02-27,26,23
1948-03-02,4,4
1948-03-02,22,20
1948-03-07,4,4
1948-03-10,13,12
1948-03-12,30,30
1948-03-13,6,6
1948-03-15,14,14
1948-03-27,19,19
1948-04-05,14,14
1948-04-10,6,1
1948-04-15,31,30
1948-04-18,37,37
1948-04-24,29,28
1948-05-13,4,4
1948-05-13,32,31
1948-05-15,13,13
1948-05-16,2,2
1948-05-20,4,3
1948-05-22,9,8
1948-05-25,4,4
1948-06-10,8,6
1948-06-17,43,43
1948-06-17,26,25
1948-06-26,17,1
1948-07-01,12,8
1948-07-04,39,39
1948-07-07,16,16
1948-07-14,5,5
1948-07-16,26,25
1948-07-24,29,29
1948-07-29,24,18
1948-07-29,19,19
1948-08-01,4,4
1948-08-01,52,52
1948-08-09,2,2
1948-08-20,3,3
1948-08-29,37,37
1948-08-31,13,13
1948-09-02,13,13
1948-09-30,15,15
1948-10-02,45,19
1948-10-12,10,10
1948-10-21,40,40
1948-10-23,13,13
1948-10-25,18,18
1948-10-27,5,2
1948-11-03,13,13
1948-11-04,17,17
1948-11-08,23,3
1948-11-11,8,7
1948-11-22,26,23
1948-11-26,21,21
1948-12-05,40,9
1948-12-06,7,7
1948-12-12,10,2
1948-12-15,30,30
1948-12-21,24,24
1948-12-21,33,33
1948-12-23,27,27
1948-12-28,32,32
1948-12-31,13,13
1949-01-02,30,14
1949-01-05,17,3
1949-01-06,2,2
1949-01-11,12,12
1949-01-15,30,30
1949-01-16,13,13
1949-01-17,20,20
1949-01-17,20,20
1949-01-20,6,5
1949-01-30,35,2
1949-02-02,10,6
1949-02-04,53,1
1949-02-05,14,3
1949-02-08,27,27
1949-02-10,16,16
1949-02-19,14,14
1949-02-24,26,22
1949-02-24,23,23
1949-03-10,22,22
1949-03-15,3,3
1949-03-18,15,15
1949-04-29,24,14
1949-05-04,31,31
1949-05-04,7,7
1949-05-07,13,13
1949-05-13,25,25
1949-06-06,22,22
1949-06-07,27,27
1949-06-07,81,53
1949-06-23,33,33
1949-07-02,18,18
1949-07-12,48,35
1949-07-12,45,45
1949-07-19,32,2
1949-07-21,14,13
1949-07-30,16,16
1949-08-02,36,5
1949-08-03,30,5
1949-08-06,34,34
1949-08-09,12,12
1949-08-13,32,32
1949-08-15,58,8
1949-08-19,32,24
1949-08-21,21,21
1949-08-27,20,5
1949-09-09,23,23
1949-09-26,24,24
1949-09-27,27,5
1949-10-09,4,4
1949-10-28,48,48
1949-11-01,55,55
1949-11-04,3,3
1949-11-16,2,1
1949-11-20,35,34
1949-11-26,12,12
1949-11-29,46,28
1949-11-29,38,5
1949-12-01,22,20
1949-12-07,9,9
1949-12-09,38,38
1949-12-10,40,17
1949-12-12,23,6
1949-12-12,26,26
1949-12-16,17,17
1949-12-18,8,8
1949-12-30,7,7
1950-01-05,19,19
1950-01-18,16,16
1950-01-20,32,32
1950-01-24,14,14
1950-01-24,4,4
1950-01-26,44,44
1950-02-02,7,7
1950-02-27,30,5
1950-03-07,13,13
1950-03-10,4,4
1950-03-12,83,80
1950-03-25,15,15
1950-03-28,12,12
1950-04-05,3,3
1950-04-13,32,0
1950-04-15,4,2
1950-04-21,35,35
1950-05-02,15,15
1950-05-18,16,16
1950-05-23,39,39
1950-05-24,27,26
1950-05-27,2,1
1950-05-30,15,13
1950-06-05,65,28
1950-06-09,15,15
1950-06-13,52,46
1950-06-14,53,40
1950-06-15,53,40
1950-06-23,58,58
1950-06-26,29,29
1950-07-07,23,23
1950-07-09,29,22
1950-07-17,22,22
1950-07-18,9,9
1950-07-23,39,39
1950-07-27,26,25
1950-07-28,50,50
1950-07-29,26,26
1950-07-30,12,12
1950-07-30,25,25
1950-08-05,20,12
1950-08-22,59,1
1950-08-25,12,12
1950-08-31,55,55
1950-09-04,23,16
1950-09-14,8,8
1950-09-20,26,26
1950-09-21,11,10
1950-09-23,10,10
1950-09-26,51,23
1950-10-13,7,4
1950-10-13,6,6
1950-10-17,29,28
1950-10-31,30,28
1950-11-03,48,48
1950-11-07,21,21
1950-11-13,58,58
1950-11-17,23,2
1950-11-21,21,21
1950-11-23,9,9
1950-11-25,3,3
1950-12-01,8,8
1950-12-08,56,46
1950-12-09,7,5
1950-12-13,21,21
1950-12-13,31,0
1950-12-14,20,1
1950-12-15,31,31
1950-12-19,38,38
1950-12-22,18,2
1950-12-30,18,17
1951-01-12,12,12
1951-01-13,10,10
1951-01-14,28,7
1951-01-16,10,10
1951-01-17,17,14
1951-01-28,14,14
1951-01-31,20,20
1951-02-01,14,14
1951-02-03,29,29
1951-02-14,2,2
1951-03-02,25,16
1951-03-11,24,24
1951-03-21,29,29
1951-03-22,14,3
1951-03-23,53,53
1951-03-25,13,12
1951-03-26,24,11
1951-03-27,3,2
1951-04-02,26,26
1951-04-06,22,22
1951-04-08,21,21
1951-04-09,16,16
1951-04-25,43,43
1951-04-28,11,11
1951-05-06,25,23
1951-05-08,32,2
1951-05-18,7,7
1951-06-03,10,10
1951-06-06,19,2
1951-06-13,3,3
1951-06-22,40,40
1951-06-29,14,14
1951-06-30,50,50
1951-07-12,10,10
1951-07-12,3,3
1951-07-12,33,33
1951-07-16,7,7
1951-07-20,3,3
1951-07-21,37,37
1951-07-24,3,3
1951-07-29,7,7
1951-08-08,2,2
1951-08-11,5,5
1951-08-17,10,10
1951-08-24,50,50
1951-09-08,13,13
1951-09-12,39,39
1951-09-12,3,3
1951-09-15,28,22
1951-09-27,14,14
1951-09-29,27,27
1951-10-08,8,8
1951-10-15,17,17
1951-10-15,12,12
1951-10-17,23,23
1951-10-22,12,12
1951-10-27,29,27
1951-11-05,29,1
1951-11-13,36,36
1951-11-15,18,18
1951-11-17,23,23
1951-11-19,5,5
1951-11-21,17,16
1951-11-24,7,6
1951-11-27,21,13
1951-12-04,3,3
1951-12-13,3,3
1951-12-16,56,56
1951-12-23,22,22
1951-12-27,20,20
1951-12-29,40,26
1951-12-30,4,4
1951-12-30,28,28
1951-12-31,3,3
1952-01-02,11,6
1952-01-10,23,23
1952-01-19,43,36
1952-01-22,23,23
1952-02-04,15,15
1952-02-07,13,13
1952-02-11,63,29
1952-02-16,31,31
1952-02-19,16,3
1952-02-19,9,9
1952-02-28,8,8
1952-03-03,38,38
1952-03-10,3,3
1952-03-12,15,15
1952-03-22,4,4
1952-03-22,47,45
1952-03-24,21,17
1952-03-26,70,70
1952-03-29,12,12
1952-03-30,29,10
1952-04-05,2,2
1952-04-09,37,37
1952-04-10,4,4
1952-04-11,69,52
1952-04-18,29,29
1952-04-29,50,50
1952-04-30,9,9
1952-05-05,29,11
1952-05-09,17,17
1952-05-13,22,5
1952-05-24,6,6
1952-05-26,18,1
1952-06-13,8,8
1952-06-14,8,6
1952-06-24,11,11
1952-06-25,13,11
1952-07-18,46,41
1952-07-27,27,1
1952-08-12,24,24
1952-08-21,57,7
1952-08-26,18,18
1952-08-29,4,2
1952-09-06,1,1
1952-09-10,46,46
1952-09-15,3,3
1952-10-05,21,21
1952-10-08,14,14
1952-10-14,28,14
1952-10-16,25,25
1952-10-29,16,16
1952-11-06,6,5
1952-11-07,19,19
1952-11-14,44,44
1952-11-15,20,20
1952-11-17,16,9
1952-11-22,52,52
1952-11-28,38,37
1952-12-06,18,18
1952-12-06,41,37
1952-12-20,115,87
1952-12-21,3,3
1952-12-25,5,3
1952-12-25,29,27
1952-12-30,10,2
1953-01-05,35,27
1953-01-07,7,7
1953-01-07,40,40
1953-01-15,26,26
1953-01-26,19,19
1953-02-02,39,39
1953-02-03,18,18
1953-02-07,19,9
1953-02-09,40,29
1953-02-14,46,46
1953-03-03,11,11
1953-03-04,2,2
1953-03-14,16,16
1953-03-17,8,8
1953-03-18,23,23
1953-03-18,10,10
1953-03-20,35,35
1953-03-27,14,14
1953-03-29,13,13
1953-04-10,15,4
1953-04-10,13,13
1953-04-14,3,3
1953-04-14,25,7
1953-04-16,30,30
1953-04-20,10,8
1953-05-02,43,43
1953-05-07,10,10
1953-05-09,18,18
1953-05-11,19,2
1953-05-17,20,19
1953-05-24,7,6
1953-05-25,34,0
1953-05-27,20,20
1953-06-14,18,18
1953-06-15,17,9
1953-06-15,7,7
1953-06-16,34,34
1953-06-17,17,17
1953-06-18,129,129
1953-07-12,58,58
1953-07-17,46,44
1953-07-27,21,21
1953-08-03,42,4
1953-08-03,25,1
1953-08-05,23,19
1953-08-18,2,2
1953-09-01,42,42
1953-09-01,21,21
1953-09-08,3,3
1953-09-14,2,1
1953-09-16,28,28
1953-09-25,21,5
1953-09-28,41,25
1953-10-14,44,44
1953-10-17,7,2
1953-10-19,27,2
1953-10-19,21,21
1953-10-27,32,22
1953-10-29,19,19
1953-10-31,16,15
1953-11-03,28,28
1953-11-11,10,10
1953-12-04,33,23
1953-12-12,14,13
1953-12-15,2,2
1953-12-15,6,6
1953-12-17,16,11
1953-12-19,44,1
1953-12-21,15,9
1954-01-02,21,21
1954-01-05,10,4
1954-01-06,17,16
1954-01-10,35,35
1954-01-11,21,21
1954-01-12,18,13
1954-01-13,1,1
1954-01-14,16,16
1954-01-20,3,3
1954-02-01,35,35
1954-02-05,16,10
1954-02-12,10,10
1954-02-25,3,3
1954-02-26,9,9
1954-03-04,20,20
1954-03-13,40,33
1954-03-14,2,2
1954-03-19,18,18
1954-03-26,18,18
1954-04-03,25,25
1954-04-04,4,4
1954-04-08,21,21
1954-04-08,36,36
1954-04-13,14,14
1954-04-13,23,16
1954-04-23,25,25
1954-04-30,11,5
1954-05-22,28,3
1954-05-31,19,19
1954-06-03,4,1
1954-06-04,3,3
1954-06-08,4,4
1954-06-19,9,3
1954-07-02,24,24
1954-07-23,18,10
1954-08-08,2,2
1954-08-09,30,30
1954-08-12,3,3
1954-08-16,55,47
1954-08-22,19,12
1954-08-23,21,21
1954-08-26,27,26
1954-08-27,27,26
1954-09-05,56,28
1954-09-12,26,6
1954-09-15,4,3
1954-09-27,29,29
1954-10-24,21,21
1954-10-28,16,16
1954-10-30,42,42
1954-10-31,8,3
1954-11-16,24,24
1954-11-30,7,2
1954-12-04,29,29
1954-12-12,4,4
1954-12-18,32,26
1954-12-18,2,2
1954-12-22,28,10
1954-12-25,36,28
1954-12-31,17,17
1955-01-01,12,12
1955-01-11,18,18
1955-01-12,15,15
1955-01-15,5,1
1955-01-19,39,0
1955-01-31,5,5
1955-02-02,10,10
1955-02-05,13,13
1955-02-13,29,29
1955-02-19,16,16
1955-02-23,26,1
1955-02-26,7,6
1955-03-06,21,5
1955-03-07,6,6
1955-03-08,26,26
1955-03-09,8,8
1955-03-20,35,13
1955-03-22,66,66
1955-03-26,23,4
1955-04-02,2,2
1955-04-04,3,3
1955-04-11,19,19
1955-04-18,14,12
1955-05-18,20,20
1955-05-21,16,4
1955-05-26,2,2
1955-06-03,3,3
1955-06-16,24,16
1955-06-18,39,18
1955-07-14,22,22
1955-07-17,43,22
1955-07-27,58,58
1955-08-04,30,30
1955-08-05,25,25
1955-08-11,67,67
1955-08-26,13,13
1955-08-30,3,2
1955-09-02,12,12
1955-09-08,33,2
1955-09-10,16,16
1955-09-17,6,2
1955-09-22,47,15
1955-09-24,5,3
1955-09-29,2,1
1955-10-02,35,19
1955-10-06,66,66
1955-10-10,29,7
1955-11-01,44,44
1955-11-17,14,14
1955-11-17,74,28
1955-11-20,11,10
1955-11-30,10,10
1955-12-01,6,6
1955-12-09,21,21
1955-12-17,2,2
1955-12-19,26,26
1955-12-21,17,17
1956-01-12,2,1
1956-01-17,18,4
1956-01-18,26,22
1956-01-28,3,3
1956-02-13,2,2
1956-02-14,3,2
1956-02-17,40,40
1956-02-18,50,50
1956-02-20,64,52
1956-02-24,19,19
1956-02-25,3,3
1956-03-21,21,2
1956-03-28,3,1
1956-03-31,3,3
1956-03-31,19,19
1956-04-01,36,22
1956-04-02,38,5
1956-04-09,6,6
1956-04-18,12,3
1956-04-30,54,2
1956-05-15,31,14
1956-05-15,2,2
1956-05-24,31,30
1956-06-20,74,74
1956-06-24,45,32
1956-06-30,128,128
1956-07-09,35,1
1956-07-13,66,46
1956-07-15,4,4
1956-07-16,18,18
1956-08-08,22,12
1956-08-29,22,15
1956-09-09,57,1
1956-09-09,18,0
1956-10-02,5,5
1956-10-10,59,59
1956-10-16,31,0
1956-10-19,3,3
1956-10-28,16,16
1956-11-05,80,7
1956-11-07,12,2
1956-11-15,25,25
1956-11-17,36,36
1956-11-24,35,34
1956-11-24,23,23
1956-11-27,25,25
1956-12-08,16,14
1956-12-09,62,62
1956-12-12,5,5
1956-12-22,30,3
1956-12-22,21,21
1956-12-31,38,12
1957-01-06,10,1
1957-01-11,33,17
1957-01-23,16,16
1957-01-29,70,2
1957-01-31,6,5
1957-02-01,101,21
1957-02-22,159,22
1957-03-02,5,5
1957-03-04,17,17
1957-03-05,22,18
1957-03-09,15,15
1957-03-14,20,20
1957-03-17,25,24
1957-03-18,19,19
1957-03-22,67,67
1957-04-07,40,40
1957-04-08,34,34
1957-04-10,30,26
1957-04-15,3,3
1957-04-17,24,24
1957-05-01,35,34
1957-05-05,3,1
1957-05-09,37,37
1957-05-13,3,2
1957-05-13,2,2
1957-05-13,16,16
1957-06-14,13,9
1957-06-18,9,9
1957-06-22,3,3
1957-06-23,18,14
1957-07-01,24,24
1957-07-03,4,4
1957-07-16,68,58
1957-07-16,16,16
1957-07-25,16,1
1957-08-11,79,79
1957-08-15,23,23
1957-08-20,8,8
1957-08-29,12,12
1957-09-03,8,8
1957-09-15,24,12
1957-09-18,35,1
1957-09-27,3,3
1957-09-28,3,3
1957-10-01,27,27
1957-10-03,27,27
1957-10-18,2,2
1957-10-23,7,7
1957-10-28,21,21
1957-10-30,3,3
1957-11-03,10,7
1957-11-04,16,4
1957-11-06,15,15
1957-11-08,44,44
1957-11-15,58,43
1957-11-15,4,4
1957-11-21,4,4
1957-12-08,61,61
1957-12-10,10,3
1957-12-11,12,2
1957-12-18,27,27
1957-12-23,4,4
1957-12-23,23,19
1957-12-31,50,9
1958-01-16,3,3
1958-01-20,11,11
1958-02-01,73,5
1958-02-01,41,41
1958-02-06,44,23
1958-02-15,16,16
1958-02-19,21,1
1958-02-19,15,15
1958-02-20,22,22
1958-02-27,42,35
1958-03-07,26,8
1958-03-07,26,26
1958-03-22,4,4
1958-03-24,20,20
1958-03-25,24,9
1958-03-27,18,18
1958-04-02,14,3
1958-04-06,47,47
1958-04-07,32,32
1958-04-14,16,16
1958-04-21,49,49
1958-05-15,38,21
1958-05-16,3,3
1958-05-18,69,65
1958-05-20,13,12
1958-05-25,5,4
1958-05-31,15,15
1958-05-31,4,4
1958-06-02,45,45
1958-06-02,57,1
1958-06-04,3,1
1958-06-09,24,24
1958-06-10,22,0
1958-06-16,26,21
1958-06-25,7,5
1958-06-27,15,15
1958-07-09,3,3
1958-08-09,54,36
1958-08-11,11,10
1958-08-12,33,33
1958-08-14,99,99
1958-08-15,64,64
1958-08-15,34,25
1958-09-02,19,19
1958-09-02,3,3
1958-09-02,17,17
1958-09-05,18,14
1958-09-07,27,27
1958-09-08,16,13
1958-09-09,8,8
1958-09-19,28,28
1958-09-19,15,15
1958-09-29,5,5
1958-10-09,19,19
1958-10-14,23,23
1958-10-15,20,20
1958-10-17,80,80
1958-10-18,29,11
1958-10-22,31,31
1958-11-01,20,17
1958-11-03,8,8
1958-11-08,3,3
1958-11-09,36,36
1958-11-16,2,2
1958-12-04,21,21
1958-12-23,21,21
1958-12-24,12,9
1958-12-26,70,3
1958-12-30,37,21
1959-01-06,5,5
1959-01-08,10,10
1959-01-11,39,36
1959-01-14,2,2
1959-01-16,52,51
1959-01-18,25,25
1959-01-21,4,4
1959-01-22,15,10
1959-01-27,6,2
1959-02-01,28,3
1959-02-03,4,4
1959-02-03,73,65
1959-02-17,24,14
1959-02-18,5,5
1959-03-05,19,15
1959-03-12,7,5
1959-03-13,18,1
1959-03-29,9,9
1959-03-29,24,24
1959-03-30,2,2
1959-04-17,26,26
1959-04-23,12,12
1959-04-29,28,28
1959-05-02,5,5
1959-05-12,31,31
1959-05-12,44,2
1959-05-13,12,12
1959-05-15,10,10
1959-05-21,8,8
1959-06-01,60,60
1959-06-05,19,19
1959-06-12,8,8
1959-06-23,14,14
1959-06-26,68,68
1959-06-30,1,0
1959-07-15,32,32
1959-08-03,6,6
1959-08-14,3,2
1959-08-15,5,5
1959-08-19,32,32
1959-08-27,50,2
1959-09-02,2,2
1959-09-08,16,1
1959-09-12,3,3
1959-09-23,20,20
1959-09-24,16,16
1959-09-24,65,54
1959-09-29,34,34
1959-10-06,2,2
1959-10-23,28,28
1959-10-26,19,1
1959-10-30,27,26
1959-10-30,18,18
1959-11-04,5,5
1959-11-16,40,40
1959-11-16,42,42
1959-11-21,27,24
1959-11-24,3,3
1959-12-01,26,25
1959-12-08,45,45
1959-12-13,29,29
1959-12-17,3,3
1959-12-21,2,2
1959-12-22,32,32
1959-12-24,2,1
1959-12-31,11,11
1960-01-03,9,9
1960-01-06,34,34
1960-01-10,10,10
1960-01-18,50,50
1960-01-19,42,42
1960-01-21,46,37
1960-01-26,9,9
1960-02-05,59,59
1960-02-25,64,61
1960-02-26,33,32
1960-02-26,52,34
1960-03-15,13,6
1960-03-16,40,5
1960-03-17,63,63
1960-03-19,46,25
1960-04-05,18,2
1960-04-12,22,10
1960-04-14,18,18
1960-04-18,9,9
1960-04-19,51,37
1960-04-20,44,4
1960-04-22,35,35
1960-04-28,13,13
1960-05-15,12,12
1960-05-18,9,9
1960-05-23,4,4
1960-06-10,31,31
1960-06-10,29,29
1960-06-14,14,14
1960-06-24,54,54
1960-07-06,21,18
1960-07-10,20,20
1960-07-11,18,18
1960-07-14,58,1
1960-07-15,11,1
1960-07-16,9,8
1960-07-19,41,37
1960-07-20,23,23
1960-07-27,13,13
1960-07-31,34,1
1960-08-01,6,6
1960-08-17,34,34
1960-08-17,20,20
1960-08-24,3,3
1960-08-29,63,63
1960-09-02,18,18
1960-09-07,31,31
1960-09-19,94,80
1960-09-22,29,29
1960-09-22,4,3
1960-09-26,37,31
1960-09-28,18,8
1960-09-29,21,21
1960-10-04,72,62
1960-10-14,11,11
1960-10-15,2,2
1960-10-21,3,3
1960-10-28,12,12
1960-10-29,37,1
1960-10-29,48,22
1960-11-05,4,4
1960-11-07,37,37
1960-11-23,33,33
1960-12-04,14,14
1960-12-07,15,15
1960-12-11,31,31
1960-12-16,128,128
1960-12-17,20,20
1960-12-22,37,28
1960-12-26,17,17
1961-01-02,10,10
1961-01-03,25,25
1961-01-19,106,4
1961-01-22,22,6
1961-01-24,21,21
1961-01-24,8,3
1961-01-26,23,23
1961-01-28,6,6
1961-02-03,26,26
1961-02-15,72,72
1961-03-09,12,12
1961-03-25,28,23
1961-03-28,52,52
1961-04-03,24,24
1961-04-18,15,14
1961-05-10,78,78
1961-05-24,22,22
1961-05-29,13,13
1961-05-30,61,61
1961-06-12,36,20
1961-06-13,5,5
1961-06-17,7,1
1961-06-30,35,24
1961-07-08,26,9
1961-07-10,85,1
1961-07-11,122,17
1961-07-12,72,72
1961-07-19,67,67
1961-07-21,6,6
1961-08-06,27,27
1961-08-09,39,39
1961-08-29,6,1
1961-09-01,78,78
1961-09-05,19,5
1961-09-06,4,4
1961-09-06,2,2
1961-09-10,83,83
1961-09-12,77,77
1961-09-17,16,16
1961-09-17,37,37
1961-09-23,29,28
1961-10-07,34,34
1961-10-10,37,17
1961-11-01,10,2
1961-11-01,88,45
1961-11-08,79,76
1961-11-11,3,3
1961-11-21,6,6
1961-11-22,3,3
1961-11-23,35,21
1961-11-23,52,52
1961-11-30,15,15
1961-12-04,3,3
1961-12-12,13,13
1961-12-15,2,2
1961-12-17,59,59
1961-12-21,34,27
1961-12-24,5,1
1961-12-29,14,14
1961-12-31,119,32
1962-01-12,12,12
1962-01-13,18,5
1962-01-22,6,6
1962-01-27,14,13
1962-02-04,18,18
1962-02-25,2,2
1962-02-25,23,23
1962-03-01,95,95
1962-03-04,111,111
1962-03-06,7,2
1962-03-08,11,11
1962-03-08,5,5
1962-03-08,15,15
1962-03-15,7,1
1962-03-15,107,107
1962-03-20,11,11
1962-03-27,22,22
1962-04-06,31,31
1962-04-19,16,15
1962-04-22,40,40
1962-05-06,18,12
1962-05-08,32,32
1962-05-09,25,23
1962-05-12,21,15
1962-05-15,3,3
1962-05-17,13,13
1962-05-22,45,45
1962-05-22,26,26
1962-05-24,21,20
1962-06-03,132,130
1962-06-04,5,5
1962-06-22,112,112
1962-06-28,81,81
1962-06-30,84,84
1962-07-06,38,11
1962-07-07,94,94
1962-07-09,6,6
1962-07-15,3,1
1962-07-16,9,9
1962-07-19,26,26
1962-07-22,40,27
1962-07-28,81,81
1962-07-30,8,4
1962-08-01,10,10
1962-08-20,105,15
1962-08-23,32,20
1962-08-24,9,9
1962-09-03,86,86
1962-09-03,12,12
1962-09-04,13,13
1962-09-10,4,4
1962-09-10,34,11
1962-09-10,44,44
1962-09-18,32,32
1962-09-20,10,2
1962-09-21,8,8
1962-09-23,76,28
1962-10-10,19,2
1962-10-10,42,13
1962-10-12,3,3
1962-10-12,18,18
1962-10-19,52,1
1962-10-25,11,11
1962-11-10,27,27
1962-11-19,4,4
1962-11-23,18,18
1962-11-23,37,23
1962-11-23,21,21
1962-11-26,26,26
1962-11-27,97,97
1962-11-30,51,25
1962-12-06,26,24
1962-12-14,50,50
1962-12-14,5,5
1962-12-19,33,33
1962-12-20,12,12
1962-12-22,40,1
1962-12-28,18,1
1962-12-29,25,25
1963-01-14,6,5
1963-01-14,25,12
1963-01-15,45,6
1963-01-17,3,3
1963-01-26,2,1
1963-01-29,8,8
1963-01-30,14,14
1963-02-01,17,17
1963-02-03,8,4
1963-02-08,7,7
1963-02-12,43,43
1963-02-25,4,4
1963-02-28,26,0
1963-03-02,27,27
1963-03-05,54,12
1963-03-05,4,4
1963-03-15,4,4
1963-03-15,39,39
1963-03-20,18,18
1963-03-23,10,10
1963-03-30,11,11
1963-04-04,67,67
1963-04-14,12,12
1963-05-03,50,37
1963-05-03,55,55
1963-05-12,34,34
1963-06-03,101,101
1963-06-03,29,29
1963-06-10,20,20
1963-06-16,20,19
1963-06-16,31,31
1963-06-23,47,38
1963-07-01,18,15
1963-07-02,43,7
1963-07-03,23,23
1963-07-13,32,32
1963-07-15,12,6
1963-07-17,6,6
1963-07-27,63,63
1963-08-04,10,10
1963-08-10,13,13
1963-08-12,20,20
1963-08-14,2,1
1963-08-17,19,19
1963-08-21,52,0
1963-08-24,32,32
1963-08-28,11,11
1963-09-02,16,15
1963-09-04,80,80
1963-09-11,18,18
1963-09-12,40,40
1963-09-22,10,10
1963-10-09,6,6
1963-10-14,6,6
1963-10-18,31,31
1963-10-20,7,7
1963-10-22,7,7
1963-11-08,24,22
1963-11-29,118,118
1963-12-07,3,3
1963-12-08,81,81
1963-12-12,3,3
1963-12-15,6,6
1963-12-17,46,0
1964-01-09,30,28
1964-02-03,3,3
1964-02-03,10,10
1964-02-04,29,2
1964-02-18,13,13
1964-02-21,32,31
1964-02-25,58,58
1964-02-27,42,20
1964-02-29,83,83
1964-03-01,85,85
1964-03-04,22,22
1964-03-08,30,1
1964-03-08,28,28
1964-03-10,3,3
1964-03-12,5,5
1964-03-20,3,3
1964-03-28,45,45
1964-03-28,9,9
1964-04-12,15,15
1964-04-17,49,49
1964-04-17,2,2
1964-04-18,19,17
1964-05-07,44,44
1964-05-08,49,46
1964-05-11,10,10
1964-05-11,84,79
1964-05-20,11,11
1964-05-27,3,3
1964-06-13,2,2
1964-06-20,57,57
1964-06-21,28,1
1964-07-08,53,1
1964-07-09,39,39
1964-07-15,3,3
1964-07-16,76,0
1964-07-31,2,2
1964-08-22,4,4
1964-09-02,87,87
1964-09-04,34,28
1964-09-04,39,39
1964-09-15,2,2
1964-10-02,7,1
1964-10-02,80,80
1964-10-09,32,32
1964-10-19,33,33
1964-10-27,3,3
1964-11-03,5,5
1964-11-15,29,29
1964-11-17,10,10
1964-11-20,43,31
1964-11-23,73,50
1964-11-29,14,6
1964-12-08,17,17
1964-12-11,38,38
1964-12-21,39,1
1964-12-24,23,1
1964-12-24,3,3
1964-12-29,5,5
1964-12-30,4,4
1965-01-02,24,24
1965-01-03,103,64
1965-01-16,7,7
1965-01-17,10,10
1965-01-22,10,10
1965-02-06,87,87
1965-02-08,84,84
1965-02-13,23,23
1965-02-13,2,2
1965-03-02,31,31
1965-03-08,30,30
1965-03-08,12,10
1965-03-17,8,8
1965-03-18,2,2
1965-03-20,47,43
1965-03-22,28,28
1965-03-23,16,16
1965-03-26,26,22
1965-03-31,53,50
1965-04-10,54,54
1965-04-14,27,26
1965-04-23,5,5
1965-05-05,49,30
1965-05-20,127,121
1965-05-27,5,3
1965-06-15,18,18
1965-06-25,85,85
1965-06-28,153,0
1965-07-01,66,0
1965-07-06,41,41
1965-07-07,31,30
1965-07-08,52,52
1965-07-11,19,16
1965-07-15,12,8
1965-07-25,37,37
1965-08-04,7,7
1965-08-12,13,13
1965-08-16,30,30
1965-08-20,4,4
1965-08-24,72,59
1965-09-04,5,4
1965-09-11,11,11
1965-09-14,17,17
1965-09-16,39,38
1965-09-16,11,9
1965-09-17,30,30
1965-09-27,3,3
1965-10-08,4,4
1965-10-17,19,19
1965-10-18,13,13
1965-10-20,37,1
1965-10-27,36,36
1965-11-02,30,30
1965-11-03,68,68
1965-11-08,62,58
1965-11-08,30,30
1965-11-10,64,32
1965-11-11,91,43
1965-11-14,8,8
1965-11-27,13,13
1965-12-04,112,4
1965-12-07,32,32
1965-12-11,85,85
1965-12-16,21,2
1966-01-01,23,23
1966-01-01,34,34
1966-01-09,11,11
1966-01-14,11,11
1966-01-15,64,56
1966-01-17,11,7
1966-01-22,35,30
1966-01-24,117,117
1966-01-25,46,46
1966-01-28,46,46
1966-02-02,24,23
1966-02-04,133,133
1966-02-07,37,37
1966-02-15,80,2
1966-02-16,26,26
1966-02-16,66,21
1966-02-18,4,4
1966-03-04,72,64
1966-03-05,124,124
1966-03-10,5,5
1966-03-10,7,6
1966-03-18,30,30
1966-03-20,2,2
1966-04-22,98,83
1966-04-23,33,33
1966-04-27,49,49
1966-05-04,20,20
1966-06-20,2,2
1966-06-29,26,24
1966-07-04,5,2
1966-07-11,8,8
1966-07-11,3,3
1966-07-15,10,10
1966-07-24,4,4
1966-08-03,3,3
1966-08-06,42,42
1966-08-11,24,24
1966-08-17,16,1
1966-08-17,1,0
1966-08-21,9,9
1966-09-01,117,98
1966-09-04,4,4
1966-09-16,27,1
1966-09-22,2,2
1966-09-22,24,24
1966-10-01,18,18
1966-10-04,32,14
1966-10-08,11,11
1966-11-11,19,19
1966-11-13,50,50
1966-11-15,3,3
1966-11-20,3,3
1966-11-22,30,30
1966-11-24,82,82
1966-11-26,31,31
1966-11-26,13,12
1966-12-02,21,21
1966-12-18,59,17
1966-12-24,29,29
1966-12-24,4,4
1967-02-06,19,1
1967-02-07,30,30
1967-02-09,10,10
1967-02-16,63,22
1967-02-20,55,4
1967-02-28,20,12
1967-03-05,38,38
1967-03-05,90,51
1967-03-08,6,4
1967-03-09,26,26
1967-03-10,4,4
1967-03-10,25,25
1967-03-11,5,4
1967-03-12,19,15
1967-03-13,25,25
1967-03-30,6,6
1967-04-02,5,5
1967-04-08,15,15
1967-04-11,39,35
1967-04-17,23,23
1967-04-20,130,126
1967-04-26,18,17
1967-04-27,21,19
1967-05-01,14,3
1967-05-15,4,4
1967-05-19,3,3
1967-06-03,88,88
1967-06-04,84,72
1967-06-11,18,17
1967-06-12,2,2
1967-06-12,4,3
1967-06-15,25,20
1967-06-17,56,35
1967-06-23,35,22
1967-06-23,34,34
1967-06-24,17,16
1967-06-30,80,24
1967-07-06,21,21
1967-07-15,4,4
1967-07-19,42,42
1967-07-19,82,82
1967-07-25,18,18
1967-07-25,16,16
1967-08-27,22,16
1967-09-05,69,37
1967-10-08,23,23
1967-10-09,23,2
1967-10-12,66,66
1967-10-24,16,16
1967-11-03,25,21
1967-11-04,37,37
1967-11-05,127,1
1967-11-06,36,1
1967-11-16,107,107
1967-11-20,82,70
1967-11-30,26,26
1967-12-07,12,10
1967-12-08,72,72
1967-12-10,8,7
1967-12-21,2,2
1967-12-25,31,4
1967-12-30,51,44
1968-01-06,46,45
1968-01-08,42,42
1968-01-10,19,19
1968-01-15,4,4
1968-01-27,16,15
1968-02-07,102,102
1968-02-07,61,1
1968-02-16,63,21
1968-02-24,37,37
1968-02-29,84,83
1968-03-05,49,49
1968-03-06,63,63
1968-03-08,14,14
1968-03-09,20,19
1968-03-24,61,61
1968-03-27,51,2
1968-03-27,2,2
1968-04-08,36,36
1968-04-08,127,5
1968-04-10,18,18
1968-04-19,26,26
1968-04-20,128,123
1968-04-30,22,22
1968-05-03,85,85
1968-05-12,155,155
1968-05-22,23,23
1968-05-28,29,29
1968-06-12,63,6
1968-06-18,6,6
1968-06-25,29,29
1968-06-28,27,1
1968-07-03,8,6
1968-07-08,11,11
1968-07-13,7,7
1968-07-15,3,3
1968-07-18,5,5
1968-08-02,95,13
1968-08-04,15,3
1968-08-09,48,48
1968-08-10,37,35
1968-08-14,21,21
1968-08-18,40,40
1968-08-20,7,4
1968-08-31,6,5
1968-09-03,89,47
1968-09-08,9,2
1968-09-11,95,95
1968-09-28,57,57
1968-10-08,10,10
1968-10-11,40,11
1968-10-20,19,19
1968-10-21,23,23
1968-10-25,42,32
1968-11-22,107,0
1968-11-23,9,9
1968-11-25,28,26
1968-12-02,39,39
1968-12-12,51,51
1968-12-24,4,2
1968-12-24,47,20
1968-12-26,12,12
1968-12-26,3,3
1968-12-27,45,27
1968-12-31,26,26
1968-12-31,26,26
1969-01-02,2,2
1969-01-02,24,24
1969-01-05,62,48
1969-01-06,28,11
1969-01-13,45,15
1969-01-16,12,12
1969-01-18,38,38
1969-02-18,35,35
1969-02-24,36,36
1969-03-05,19,19
1969-03-08,3,3
1969-03-13,5,1
1969-03-16,84,84
1969-03-20,105,100
1969-03-20,27,16
1969-04-02,53,53
1969-04-02,78,24
1969-04-02,2,2
1969-04-07,21,1
1969-04-15,31,31
1969-04-16,45,45
1969-04-21,44,44
1969-04-24,33,1
1969-05-06,74,30
1969-05-07,2,2
1969-05-23,6,6
1969-05-25,36,1
1969-06-04,79,79
1969-06-05,19,19
1969-06-23,120,120
1969-06-28,40,40
1969-07-06,14,14
1969-07-12,35,35
1969-07-15,14,3
1969-07-25,13,1
1969-07-26,37,33
1969-07-26,5,5
1969-08-03,55,55
1969-08-03,4,4
1969-08-19,13,13
1969-08-25,1,1
1969-08-26,102,16
1969-08-26,14,14
1969-08-31,3,3
1969-09-01,27,22
1969-09-02,35,35
1969-09-06,16,1
1969-09-08,32,32
1969-09-09,83,83
1969-09-12,47,45
1969-09-14,21,20
1969-09-17,15,4
1969-09-20,76,74
1969-09-21,118,27
1969-09-26,74,74
1969-09-26,5,5
1969-10-02,26,26
1969-10-13,56,24
1969-11-09,4,2
1969-11-13,12,12
1969-11-19,14,14
1969-11-20,87,87
1969-12-03,62,62
1969-12-05,9,9
1969-12-06,8,8
1969-12-08,90,90
1969-12-10,17,17
1969-12-22,77,10
1969-12-23,6,6
1970-01-05,10,5
1970-01-12,27,23
1970-01-13,32,32
1970-01-14,28,28
1970-01-25,23,1
1970-01-25,19,18
1970-01-28,34,34
1970-01-28,9,9
1970-01-29,11,11
1970-02-04,22,21
1970-02-04,37,37
1970-02-06,106,92
1970-02-10,5,5
1970-02-12,12,12
1970-02-15,102,102
1970-02-19,17,17
1970-02-21,47,47
1970-03-06,11,11
1970-03-14,40,38
1970-03-16,31,23
1970-03-26,6,6
1970-04-01,45,45
1970-04-01,82,61
1970-04-04,35,7
1970-04-21,36,36
1970-04-25,19,17
1970-04-28,11,8
1970-05-02,63,23
1970-05-04,14,13
1970-05-06,30,5
1970-05-09,33,1
1970-05-09,6,6
1970-05-15,11,11
1970-05-26,6,6
1970-05-30,33,1
1970-06-01,13,13
1970-06-02,44,1
1970-06-10,8,5
1970-07-03,27,5
1970-07-03,112,112
1970-07-05,109,109
1970-07-18,23,23
1970-07-27,4,4
1970-08-03,10,10
1970-08-06,30,30
1970-08-09,100,99
1970-08-12,31,14
1970-08-26,32,30
1970-08-29,39,39
1970-08-30,10,3
1970-09-02,37,37
1970-09-02,37,37
1970-09-03,21,21
1970-09-08,11,11
1970-09-26,34,8
1970-09-30,38,4
1970-10-02,40,32
1970-10-02,43,43
1970-10-04,2,2
1970-10-06,11,3
1970-10-10,3,3
1970-10-28,4,2
1970-11-14,75,75
1970-11-27,79,79
1970-11-27,229,47
1970-11-29,44,42
1970-12-02,8,8
1970-12-05,16,5
1970-12-07,27,19
1970-12-28,55,2
1970-12-31,35,7
1970-12-31,31,31
1970-12-31,93,93
1971-01-02,16,16
1971-01-09,21,2
1971-01-18,47,45
1971-01-21,35,35
1971-01-21,21,21
1971-01-22,14,14
1971-01-23,60,2
1971-01-25,47,13
1971-01-31,7,7
1971-02-17,12,12
1971-03-26,15,15
1971-03-31,5,5
1971-03-31,65,65
1971-04-15,40,39
1971-04-22,4,4
1971-05-11,35,5
1971-05-23,83,78
1971-05-25,4,4
1971-05-28,6,6
1971-06-06,51,50
1971-06-07,31,28
1971-06-13,24,24
1971-06-17,6,6
1971-06-28,24,17
1971-07-03,68,68
1971-07-24,6,6
1971-07-25,4,4
1971-07-25,126,97
1971-07-30,39,37
1971-07-30,164,163
1971-07-30,218,0
1971-08-18,37,37
1971-08-19,8,3
1971-08-28,34,32
1971-09-04,111,111
1971-09-06,121,22
1971-09-16,5,5
1971-09-16,49,49
1971-09-17,9,9
1971-09-28,32,32
1971-10-02,63,63
1971-10-10,25,25
1971-10-16,10,10
1971-10-17,21,19
1971-10-21,16,16
1971-10-23,23,22
1971-10-24,8,4
1971-11-09,52,52
1971-11-10,69,69
1971-11-12,48,48
1971-11-21,25,25
1971-11-28,34,34
1971-12-01,57,57
1971-12-04,29,2
1971-12-06,42,10
1971-12-09,31,21
1971-12-21,73,28
1971-12-24,92,91
1972-01-06,23,23
1972-01-07,104,104
1972-01-21,20,20
1972-01-21,39,39
1972-01-26,28,27
1972-02-01,9,6
1972-02-04,38,1
1972-02-05,19,19
1972-02-11,23,23
1972-03-03,48,16
1972-03-14,112,112
1972-03-19,22,22
1972-04-12,25,25
1972-04-16,18,18
1972-04-17,3,3
1972-04-18,107,43
1972-04-20,6,6
1972-04-24,10,4
1972-05-04,18,18
1972-05-05,115,115
1972-05-08,7,7
1972-05-10,34,34
1972-05-16,9,9
1972-05-18,122,122
1972-05-21,25,22
1972-05-27,13,8
1972-05-29,18,9
1972-05-29,11,11
1972-05-30,4,4
1972-06-05,32,32
1972-06-13,3,3
1972-06-13,47,47
1972-06-14,87,82
1972-06-15,81,81
1972-06-18,118,118
1972-06-24,20,5
1972-06-29,13,13
1972-07-05,86,3
1972-07-06,10,10
1972-07-11,67,52
1972-07-11,19,19
1972-07-20,84,1
1972-07-29,38,38
1972-08-12,18,18
1972-08-12,44,30
1972-08-14,156,156
1972-08-16,31,26
1972-08-27,34,34
1972-08-28,29,25
1972-08-31,102,102
1972-09-01,4,4
1972-09-07,8,1
1972-09-10,11,11
1972-09-13,31,31
1972-09-24,1,0
1972-09-24,13,10
1972-10-01,108,108
1972-10-02,9,9
1972-10-13,45,29
1972-10-13,174,174
1972-10-16,4,4
1972-10-21,53,37
1972-10-23,8,1
1972-10-27,68,60
1972-10-30,27,27
1972-10-31,22,22
1972-11-04,35,35
1972-11-17,11,11
1972-11-28,76,62
1972-12-03,155,155
1972-12-08,26,26
1972-12-08,61,43
1972-12-20,133,10
1972-12-21,13,13
1972-12-23,45,40
1972-12-29,176,103
1972-12-31,5,5
1973-01-02,5,5
1973-01-19,4,4
1973-01-21,39,39
1973-01-22,202,176
1973-01-27,3,3
1973-01-29,37,37
1973-02-19,100,66
1973-02-19,5,5
1973-02-21,28,22
1973-02-21,113,108
1973-02-24,79,79
1973-02-28,32,32
1973-02-28,13,13
1973-03-03,25,25
1973-03-05,182,68
1973-03-15,3,3
1973-03-19,62,62
1973-04-10,145,108
1973-04-12,17,16
1973-04-18,19,4
1973-05-11,61,61
1973-05-18,81,81
1973-05-19,11,11
1973-05-29,4,4
1973-05-31,65,48
1973-06-01,23,23
1973-06-03,6,6
1973-06-09,4,2
1973-06-20,27,27
1973-06-30,85,2
1973-07-04,18,18
1973-07-09,61,2
1973-07-11,134,123
1973-07-22,79,78
1973-07-23,44,38
1973-07-24,5,5
1973-07-31,89,89
1973-08-13,85,85
1973-08-15,10,10
1973-08-18,64,56
1973-08-22,17,16
1973-08-27,42,42
1973-08-28,25,24
1973-08-28,149,1
1973-09-08,6,6
1973-09-11,41,41
1973-09-20,6,6
1973-09-27,11,11
1973-09-30,9,9
1973-09-30,108,108
1973-10-02,10,10
1973-10-13,122,122
1973-10-23,65,8
1973-11-02,16,6
1973-11-03,3,3
1973-11-03,128,1
1973-11-17,27,27
1973-12-07,75,13
1973-12-16,51,51
1973-12-17,177,30
1973-12-21,20,20
1973-12-22,106,106
1973-12-23,17,17
1973-12-28,25,1
1974-01-01,42,38
1974-01-06,17,12
1974-01-06,4,4
1974-01-06,24,24
1974-01-09,31,31
1974-01-10,24,24
1974-01-17,14,14
1974-01-26,73,66
1974-01-30,101,97
1974-02-02,298,1
1974-02-09,40,35
1974-02-22,15,1
1974-02-23,7,7
1974-03-03,346,346
1974-03-08,18,18
1974-03-13,36,36
1974-03-15,96,15
1974-04-04,84,78
1974-04-22,107,107
1974-04-27,109,109
1974-04-30,12,6
1974-05-02,24,22
1974-05-06,3,3
1974-05-23,3,3
1974-05-23,29,29
1974-05-31,2,2
1974-06-08,44,44
1974-06-27,39,19
1974-06-30,5,5
1974-07-24,3,3
1974-07-27,5,5
1974-08-05,11,5
1974-08-11,60,47
1974-08-12,27,27
1974-08-14,49,49
1974-08-18,31,31
1974-09-07,39,36
1974-09-08,88,88
1974-09-11,82,70
1974-09-15,75,75
1974-10-19,8,1
1974-10-27,4,4
1974-10-28,2,2
1974-11-01,38,38
1974-11-15,8,1
1974-11-20,157,59
1974-11-20,24,2
1974-11-22,4,4
1974-12-01,92,92
1974-12-01,3,3
1974-12-04,18,13
1974-12-04,191,191
1974-12-11,5,5
1974-12-12,54,54
1974-12-14,19,7
1974-12-22,77,77
1974-12-29,33,33
1974-12-29,24,24
1975-01-03,9,9
1975-01-08,21,21
1975-01-09,14,14
1975-01-15,9,9
1975-01-16,16,16
1975-01-30,42,42
1975-01-30,30,2
1975-02-01,16,5
1975-02-03,33,33
1975-02-09,40,40
1975-02-16,3,3
1975-02-22,5,5
1975-02-27,15,15
1975-03-12,26,26
1975-03-16,55,55
1975-03-18,6,5
1975-03-18,12,7
1975-03-20,16,16
1975-04-04,330,155
1975-05-13,23,23
1975-06-03,64,1
1975-06-17,15,1
1975-06-24,124,113
1975-06-26,2,2
1975-07-10,4,2
1975-07-15,40,40
1975-07-31,75,27
1975-08-03,188,188
1975-08-03,20,20
1975-08-07,131,0
1975-08-09,11,11
1975-08-15,38,23
1975-08-20,128,126
1975-08-30,32,10
1975-09-01,34,27
1975-09-11,9,1
1975-09-24,61,25
1975-09-30,60,60
1975-09-30,4,4
1975-10-22,6,6
1975-10-23,11,11
1975-10-27,67,67
1975-10-30,120,75
1975-11-03,9,9
1975-11-17,38,38
1975-11-18,22,15
1975-11-20,50,19
1975-11-22,48,3
1975-11-25,20,20
1975-11-29,6,6
1975-12-26,9,9
1976-01-01,82,82
1976-01-03,6,6
1976-01-03,61,61
1976-01-08,7,7
1976-01-18,10,7
1976-01-20,42,34
1976-01-21,40,40
1976-01-22,11,9
1976-02-04,3,3
1976-02-08,6,3
1976-02-09,124,24
1976-02-21,11,5
1976-03-01,9,6
1976-03-02,22,19
1976-03-06,111,111
1976-03-07,4,4
1976-04-02,16,5
1976-04-05,50,1
1976-04-14,34,34
1976-04-23,12,12
1976-04-27,88,37
1976-05-05,10,4
1976-05-09,17,17
1976-05-15,52,52
1976-05-23,87,14
1976-06-01,45,45
1976-06-04,45,45
1976-06-06,11,11
1976-06-27,258,7
1976-07-05,17,17
1976-07-28,79,76
1976-08-02,5,5
1976-08-09,32,12
1976-08-15,59,59
1976-08-28,20,1
1976-08-28,18,18
1976-09-02,4,3
1976-09-03,68,68
1976-09-09,64,64
1976-09-10,176,176
1976-09-19,154,154
1976-09-26,20,15
1976-10-04,4,4
1976-10-06,73,73
1976-10-13,3,3
1976-10-13,95,95
1976-10-28,7,2
1976-11-04,38,29
1976-11-05,2,2
1976-11-23,50,50
1976-11-28,73,73
1976-12-12,10,3
1976-12-17,7,7
1976-12-17,55,48
1976-12-18,8,8
1976-12-25,53,53
1976-12-31,19,19
1977-01-06,4,4
1977-01-13,90,90
1977-01-13,5,5
1977-01-14,12,12
1977-01-15,22,22
1977-01-20,2,1
1977-02-11,5,4
1977-02-15,98,77
1977-02-28,10,4
1977-03-01,21,19
1977-03-03,44,44
1977-03-04,4,2
1977-03-27,644,583
1977-03-29,23,15
1977-03-30,27,8
1977-04-04,85,62
1977-04-10,35,35
1977-04-19,21,21
1977-04-27,28,28
1977-05-10,54,54
1977-05-13,9,9
1977-05-14,6,6
1977-05-16,25,4
1977-05-27,69,67
1977-06-03,18,18
1977-06-20,15,12
1977-06-21,16,16
1977-07-06,3,3
1977-07-08,7,6
1977-07-14,30,30
1977-07-20,5,5
1977-07-20,40,40
1977-07-24,82,38
1977-07-25,40,25
1977-08-01,2,2
1977-08-20,3,3
1977-08-25,2,2
1977-09-02,4,4
1977-09-04,33,33
1977-09-06,13,13
1977-09-08,19,19
1977-09-12,4,4
1977-09-14,20,20
1977-09-22,53,29
1977-09-27,79,34
1977-10-20,26,6
1977-10-21,37,24
1977-11-03,13,13
1977-11-19,164,131
1977-11-19,5,5
1977-11-21,79,46
1977-11-26,32,32
1977-12-02,165,59
1977-12-04,100,100
1977-12-08,19,17
1977-12-09,23,17
1977-12-11,13,13
1977-12-13,29,29
1977-12-18,57,36
1977-12-18,3,3
1977-12-19,10,5
1977-12-24,10,10
1977-12-29,24,24
1978-01-01,213,213
1978-01-27,14,14
1978-01-31,14,2
1978-02-10,44,44
1978-02-10,17,17
1978-02-11,49,42
1978-02-28,7,7
1978-03-01,200,2
1978-03-02,18,18
1978-03-03,47,47
1978-03-16,73,73
1978-03-22,6,6
1978-03-25,48,48
1978-04-04,6,3
1978-04-05,9,2
1978-04-20,109,2
1978-04-29,12,8
1978-05-08,58,3
1978-05-19,134,4
1978-06-23,10,10
1978-06-26,18,18
1978-06-26,107,2
1978-08-14,18,18
1978-08-26,14,14
1978-08-30,10,10
1978-09-03,17,15
1978-09-03,13,11
1978-09-03,56,38
1978-09-09,3,3
1978-09-09,21,18
1978-09-13,6,6
1978-09-14,28,21
1978-09-25,137,137
1978-10-03,15,15
1978-10-03,44,2
1978-10-06,18,18
1978-10-07,38,38
1978-10-08,7,2
1978-10-22,11,11
1978-10-23,26,26
1978-11-05,18,18
1978-11-15,262,183
1978-11-18,20,15
1978-11-19,77,77
1978-11-21,27,27
1978-11-25,5,5
1978-12-04,22,2
1978-12-16,10,10
1978-12-17,132,1
1978-12-23,129,108
1978-12-28,189,10
1979-01-15,13,13
1979-01-24,23,14
1979-01-27,6,5
1979-01-30,6,6
1979-02-08,18,18
1979-02-12,59,59
1979-02-12,25,2
1979-02-17,4,2
1979-02-19,5,5
1979-03-01,8,8
1979-03-10,7,3
1979-03-14,12,12
1979-03-14,64,45
1979-03-17,119,58
1979-03-26,10,10
1979-03-29,24,17
1979-04-14,11,1
1979-04-18,18,3
1979-04-23,57,57
1979-05-25,3,3
1979-05-25,271,271
1979-05-27,12,12
1979-05-30,18,17
1979-06-07,27,27
1979-06-17,10,1
1979-07-11,61,61
1979-07-12,9,9
1979-07-12,7,7
1979-07-23,6,6
1979-07-24,21,8
1979-07-31,47,17
1979-08-02,3,1
1979-08-03,14,14
1979-08-04,45,45
1979-08-11,178,178
1979-08-24,16,11
1979-08-29,63,63
1979-09-03,44,40
1979-09-11,6,6
1979-09-14,12,12
1979-09-14,31,31
1979-09-18,9,4
1979-09-19,5,5
1979-09-30,16,2
1979-10-07,156,14
1979-10-08,8,8
1979-10-27,12,3
1979-10-31,88,72
1979-11-15,78,0
1979-11-16,5,3
1979-11-18,3,3
1979-11-26,156,156
1979-11-28,257,257
1979-11-30,9,9
1979-12-09,7,7
1979-12-12,11,10
1979-12-18,21,21
1979-12-22,29,29
1979-12-23,45,41
1979-12-23,16,16
1980-01-02,9,9
1980-01-11,2,2
1980-01-14,9,7
1980-01-21,128,128
1980-01-23,13,13
1980-01-24,44,43
1980-02-03,37,1
1980-02-21,7,6
1980-02-21,13,13
1980-02-22,47,46
1980-02-27,135,2
1980-03-14,87,87
1980-03-14,18,18
1980-03-21,10,7
1980-03-21,14,14
1980-04-12,58,55
1980-04-14,53,2
1980-04-24,7,5
1980-04-25,146,146
1980-04-27,53,44
1980-06-02,13,13
1980-06-08,29,29
1980-06-12,29,29
1980-06-12,15,13
1980-06-27,81,81
1980-07-08,166,166
1980-08-01,7,3
1980-08-06,13,13
1980-08-07,168,1
1980-08-19,301,301
1980-08-26,37,37
1980-09-05,8,8
1980-09-10,3,3
1980-09-12,34,34
1980-09-14,36,36
1980-09-15,89,89
1980-09-17,36,36
1980-09-30,45,45
1980-11-12,13,13
1980-11-19,226,15
1980-11-24,20,20
1980-11-28,2,2
1980-12-05,10,10
1980-12-21,70,70
1980-12-23,291,2
1981-01-14,11,11
1981-01-20,9,7
1981-02-07,52,52
1981-02-11,8,8
1981-02-22,8,2
1981-02-24,14,11
1981-02-26,24,23
1981-03-10,18,18
1981-03-15,24,6
1981-03-26,52,1
1981-04-06,7,7
1981-04-07,2,1
1981-04-17,19,15
1981-04-28,17,15
1981-04-28,12,12
1981-05-06,21,21
1981-05-07,31,31
1981-05-16,4,4
1981-05-21,24,24
1981-05-22,18,18
1981-05-29,17,17
1981-06-14,48,48
1981-06-26,3,3
1981-07-18,4,4
1981-07-20,50,50
1981-07-24,19,19
1981-07-25,9,5
1981-07-27,66,32
1981-08-22,110,110
1981-08-24,32,31
1981-08-27,50,50
1981-08-29,34,3
1981-09-02,22,21
1981-09-18,40,40
1981-09-21,70,7
1981-09-29,80,60
1981-10-01,3,3
1981-10-06,17,17
1981-10-15,9,9
1981-10-26,5,5
1981-10-31,24,1
1981-11-08,18,18
1981-11-16,167,99
1981-11-19,10,10
1981-11-30,3,3
1981-12-01,180,180
1981-12-05,12,11
1981-12-16,12,12
1981-12-18,13,13
1982-01-07,18,18
1982-01-13,79,74
1982-01-14,73,73
1982-01-23,212,2
1982-01-25,7,7
1982-02-03,35,35
1982-02-06,53,53
1982-02-07,23,23
1982-02-09,32,3
1982-02-09,174,24
1982-02-19,4,4
1982-02-21,12,1
1982-03-11,15,15
1982-03-19,27,27
1982-03-19,3,3
1982-03-20,27,27
1982-03-26,21,21
1982-04-11,3,3
1982-04-13,27,27
1982-04-26,112,112
1982-04-30,13,13
1982-05-09,49,47
1982-05-12,7,7
1982-05-19,30,21
1982-05-25,118,2
1982-05-28,10,10
1982-06-01,53,53
1982-06-08,137,137
1982-06-12,44,44
1982-06-22,111,17
1982-06-24,257,0
1982-06-28,132,132
1982-07-03,12,12
1982-07-06,90,90
1982-07-09,145,145
1982-07-11,30,4
1982-07-23,1,0
1982-08-11,285,1
1982-08-12,8,8
1982-08-14,20,20
1982-08-14,11,11
1982-09-01,44,44
1982-09-04,10,10
1982-09-11,46,46
1982-09-13,394,50
1982-09-29,77,7
1982-11-17,15,15
1982-11-29,15,15
1982-11-29,22,22
1982-12-07,2,2
1982-12-09,46,46
1982-12-09,88,84
1982-12-23,16,16
1982-12-24,69,25
1983-01-09,33,1
1983-01-11,3,3
1983-01-16,67,47
1983-02-13,6,6
1983-03-09,11,11
1983-03-10,19,19
1983-03-11,50,23
1983-03-30,2,2
1983-04-07,3,2
1983-04-16,9,8
1983-04-19,21,21
1983-04-19,14,14
1983-04-26,14,11
1983-04-29,100,8
1983-04-30,15,15
1983-05-05,172,0
1983-05-05,30,30
1983-05-06,37,33
1983-06-02,61,3
1983-06-02,46,23
1983-06-06,47,47
1983-06-08,15,0
1983-06-16,14,14
1983-06-21,7,7
1983-06-28,6,6
1983-07-01,23,23
1983-07-11,119,119
1983-07-16,26,20
1983-07-23,69,0
1983-08-17,10,10
1983-08-30,90,90
1983-09-01,269,269
1983-09-02,9,9
1983-09-14,106,11
1983-09-23,112,112
1983-09-28,10,10
1983-10-07,15,7
1983-10-08,14,9
1983-10-11,10,10
1983-10-28,30,1
1983-11-08,130,130
1983-11-23,7,4
1983-11-27,192,181
1983-11-28,72,53
1983-12-07,135,93
1983-12-14,3,3
1983-12-17,12,2
1983-12-24,49,44
1984-01-02,13,13
1984-01-03,76,38
1984-01-09,2,1
1984-01-10,50,50
1984-01-13,3,1
1984-01-28,51,4
1984-01-30,3,3
1984-02-16,38,26
1984-02-19,28,28
1984-02-28,177,0
1984-03-13,6,4
1984-03-16,23,23
1984-03-24,5,5
1984-03-24,29,29
1984-03-31,6,6
1984-04-18,35,19
1984-05-08,2,2
1984-05-30,4,4
1984-06-04,3,3
1984-06-19,3,3
1984-06-28,18,18
1984-07-11,30,30
1984-07-12,9,9
1984-07-21,14,1
1984-08-02,9,9
1984-08-04,24,24
1984-08-05,49,49
1984-08-11,3,3
1984-08-15,3,2
1984-08-24,17,17
1984-08-30,116,2
1984-09-06,11,9
1984-09-07,6,1
1984-09-11,30,30
1984-09-16,25,11
1984-09-18,4,4
1984-09-21,50,50
1984-10-09,7,7
1984-10-11,179,174
1984-10-11,4,4
1984-10-27,11,11
1984-10-31,4,4
1984-11-20,14,14
1984-12-04,17,17
1984-12-06,13,13
1984-12-19,21,21
1984-12-22,23,15
1984-12-23,111,110
1985-01-01,29,29
1985-01-09,3,3
1985-01-18,41,38
1985-01-19,38,38
1985-01-20,3,3
1985-01-21,71,70
1985-01-22,21,21
1985-01-23,23,23
1985-01-23,17,17
1985-02-01,80,58
1985-02-04,9,9
1985-02-19,274,0
1985-02-19,148,148
1985-02-22,51,50
1985-02-25,3,3
1985-03-12,6,6
1985-03-28,46,46
1985-04-11,7,7
1985-04-15,11,11
1985-04-16,89,0
1985-04-20,4,4
1985-04-20,5,2
1985-05-03,76,76
1985-05-06,17,17
1985-05-28,13,2
1985-05-31,2,2
1985-06-14,153,1
1985-06-23,17,17
1985-06-23,329,329
1985-07-10,200,200
1985-07-24,80,80
1985-08-02,163,134
1985-08-12,524,520
1985-08-12,19,8
1985-08-15,73,3
1985-08-22,137,55
1985-08-25,8,8
1985-08-27,7,7
1985-09-04,52,52
1985-09-06,31,31
1985-09-22,26,26
1985-09-25,9,9
1985-09-29,17,17
1985-10-09,2,2
1985-10-10,2,2
1985-10-11,14,14
1985-10-11,2,2
1985-10-11,1,1
1985-10-12,4,4
1985-11-15,4,4
1985-11-21,11,11
1985-11-24,103,60
1985-11-25,22,22
1985-12-12,256,256
1985-12-30,25,25
1985-12-31,9,7
1986-01-18,94,94
1986-01-21,3,3
1986-01-28,72,1
1986-01-29,21,21
1986-02-05,14,2
1986-02-16,13,13
1986-03-02,38,38
1986-03-13,9,3
1986-03-20,16,2
1986-03-24,5,4
1986-03-25,9,9
1986-03-30,54,49
1986-03-31,167,167
1986-04-02,121,4
1986-04-02,11,11
1986-04-27,13,13
1986-05-01,37,37
1986-05-03,22,22
1986-05-03,150,22
1986-05-18,19,19
1986-05-24,13,13
1986-06-10,26,23
1986-06-12,16,1
1986-06-18,25,25
1986-07-02,92,54
1986-07-10,17,17
1986-08-04,13,13
1986-08-14,59,59
1986-08-16,60,60
1986-08-28,2,2
1986-08-31,67,67
1986-09-05,384,16
1986-09-09,4,3
1986-09-19,5,5
1986-10-03,13,13
1986-10-04,3,3
1986-10-14,14,14
1986-10-15,80,3
1986-10-19,44,34
1986-10-20,93,70
1986-10-22,2,2
1986-10-23,54,13
1986-10-30,23,21
1986-11-02,103,103
1986-11-06,47,45
1986-11-25,40,40
1986-12-12,82,72
1986-12-15,44,6
1986-12-25,106,63
1986-12-27,14,11
1987-01-02,22,22
1987-01-03,51,50
1987-01-13,54,54
1987-01-15,10,10
1987-01-16,9,9
1987-02-06,17,14
1987-02-09,36,36
1987-03-04,22,9
1987-03-06,9,9
1987-03-13,6,6
1987-03-21,2,2
1987-03-30,40,40
1987-04-04,45,27
1987-04-13,4,4
1987-04-23,2,2
1987-05-05,14,14
1987-05-08,6,2
1987-05-09,183,183
1987-05-11,2,2
1987-05-20,16,14
1987-05-23,8,8
1987-05-25,30,7
1987-06-11,53,53
1987-06-18,46,46
1987-06-19,29,8
1987-06-21,45,45
1987-06-26,50,50
1987-07-01,6,4
1987-07-24,163,1
1987-07-30,12,5
1987-08-04,33,2
1987-08-16,155,154
1987-08-31,83,83
1987-09-08,9,9
1987-09-13,15,15
1987-09-21,5,5
1987-10-11,9,2
1987-10-11,49,49
1987-10-15,37,37
1987-10-19,9,9
1987-10-20,11,10
1987-11-06,10,10
1987-11-15,82,28
1987-11-23,21,18
1987-11-28,159,159
1987-11-29,115,115
1987-12-03,14,14
1987-12-07,43,43
1987-12-08,43,42
1987-12-13,15,15
1987-12-14,29,29
1987-12-21,16,16
1987-12-21,15,15
1987-12-30,17,17
1988-01-02,16,16
1988-01-18,9,9
1988-01-18,143,11
1988-01-18,108,108
1988-01-19,17,9
1988-01-19,11,10
1988-01-24,31,27
1988-02-01,16,16
1988-02-08,21,21
1988-02-19,12,12
1988-02-27,51,20
1988-02-27,15,15
1988-03-01,17,17
1988-03-04,23,23
1988-03-08,17,17
1988-03-17,143,143
1988-03-31,4,4
1988-04-05,112,2
1988-04-10,29,29
1988-04-12,24,24
1988-04-19,17,17
1988-04-27,29,29
1988-04-28,95,1
1988-05-06,36,36
1988-05-24,45,0
1988-05-26,6,6
1988-05-26,2,2
1988-06-12,22,22
1988-06-18,25,21
1988-06-26,136,3
1988-07-03,290,290
1988-07-06,8,8
1988-07-20,3,3
1988-07-21,6,6
1988-08-02,37,29
1988-08-15,39,39
1988-08-17,30,30
1988-08-26,4,4
1988-08-31,20,1
1988-08-31,89,7
1988-08-31,108,14
1988-08-31,20,20
1988-09-09,90,76
1988-09-12,7,7
1988-09-15,104,35
1988-09-19,34,34
1988-10-02,8,8
1988-10-04,6,6
1988-10-07,48,44
1988-10-11,17,6
1988-10-17,52,33
1988-10-19,129,124
1988-10-19,34,34
1988-10-25,69,12
1988-11-02,29,1
1988-11-14,12,6
1988-11-18,4,4
1988-11-30,14,14
1988-12-07,14,6
1988-12-08,5,5
1988-12-10,25,25
1988-12-11,83,77
1988-12-14,8,8
1988-12-21,259,259
1989-01-08,126,47
1989-01-31,19,19
1989-02-03,29,26
1989-02-06,3,3
1989-02-08,144,144
1989-02-19,4,4
1989-02-24,356,9
1989-02-28,2,2
1989-03-10,10,10
1989-03-10,69,24
1989-03-15,2,2
1989-03-18,2,2
1989-03-20,34,19
1989-03-21,3,3
1989-04-10,22,22
1989-04-19,11,11
1989-04-26,5,5
1989-05-05,19,6
1989-05-08,16,16
1989-06-07,187,176
1989-06-11,22,6
1989-06-17,113,20
1989-06-18,39,6
1989-06-22,62,62
1989-06-27,13,12
1989-06-28,47,3
1989-06-28,30,30
1989-06-29,2,2
1989-07-19,5,2
1989-07-19,10,10
1989-07-19,298,112
1989-07-21,22,3
1989-07-21,98,1
1989-07-23,30,30
1989-07-26,48,42
1989-07-27,19,13
1989-07-27,199,75
1989-07-31,3,3
1989-08-03,34,34
1989-08-07,16,16
1989-08-08,10,10
1989-08-13,2,2
1989-08-15,40,34
1989-08-25,54,54
1989-09-03,54,13
1989-09-03,126,126
1989-09-08,55,55
1989-09-15,6,6
1989-09-15,22,22
1989-09-19,171,171
1989-09-20,7,2
1989-09-20,63,2
1989-09-21,26,26
1989-09-21,24,24
1989-09-23,11,11
1989-09-26,7,7
1989-09-27,21,10
1989-09-28,9,9
1989-10-04,4,4
1989-10-06,5,5
1989-10-10,5,5
1989-10-10,12,12
1989-10-18,57,57
1989-10-20,15,15
1989-10-21,146,127
1989-10-26,36,36
1989-10-26,54,54
1989-10-28,20,20
1989-11-09,10,2
1989-11-10,18,18
1989-11-21,42,34
1989-11-23,24,24
1989-11-25,52,1
1989-11-27,107,107
1989-11-27,5,5
1989-11-28,7,3
1989-11-28,8,8
1989-12-01,5,5
1989-12-21,28,24
1989-12-26,6,6
1989-12-28,7,7
1989-12-30,5,5
1990-01-02,16,9
1990-01-13,71,27
1990-01-15,23,23
1990-01-17,1,1
1990-01-23,25,25
1990-01-25,19,19
1990-01-25,158,73
1990-01-26,30,30
1990-01-27,28,28
1990-01-29,2,2
1990-01-29,1,1
1990-02-05,15,15
1990-02-12,40,2
1990-02-14,146,92
1990-02-17,29,29
1990-02-27,1,1
1990-03-01,1,0
1990-03-12,13,11
1990-03-21,3,3
1990-03-23,46,4
1990-03-27,25,25
1990-03-27,11,11
1990-04-12,5,5
1990-04-18,22,20
1990-04-20,24,20
1990-04-26,24,7
1990-04-30,10,10
1990-04-30,4,1
1990-05-05,3,3
1990-05-10,40,20
1990-05-11,10,10
1990-05-11,119,8
1990-05-18,21,21
1990-06-06,2,2
1990-06-06,42,23
1990-06-10,87,0
1990-07-05,12,8
1990-07-27,30,30
1990-07-31,9,9
1990-08-01,47,47
1990-08-10,83,83
1990-08-27,5,5
1990-08-29,17,13
1990-09-03,10,3
1990-09-11,18,18
1990-09-12,8,8
1990-09-14,128,4
1990-09-20,12,12
1990-09-24,4,4
1990-10-02,226,128
1990-10-03,97,1
1990-10-19,4,4
1990-10-24,31,11
1990-11-14,46,46
1990-11-18,16,16
1990-11-19,15,15
1990-11-21,38,38
1990-11-25,13,13
1990-12-03,198,8
1990-12-04,10,10
1990-12-06,12,10
1991-01-10,22,21
1991-01-30,21,1
1991-01-31,14,14
1991-02-01,101,34
1991-02-05,63,63
1991-02-14,22,22
1991-02-17,2,2
1991-02-20,72,20
1991-02-22,47,47
1991-03-03,25,25
1991-03-05,45,45
1991-03-16,10,10
1991-03-16,9,9
1991-03-21,98,98
1991-03-21,27,27
1991-03-23,63,34
1991-03-25,28,28
1991-04-04,7,6
1991-04-04,5,5
1991-04-05,23,23
1991-04-19,22,11
1991-05-09,13,13
1991-05-13,7,7
1991-05-15,14,13
1991-05-23,181,13
1991-05-24,10,4
1991-05-26,223,223
1991-06-01,3,2
1991-06-10,7,7
1991-06-20,18,2
1991-06-26,10,10
1991-06-26,53,4
1991-07-04,3,3
1991-07-09,15,15
1991-07-10,15,13
1991-07-11,261,261
1991-07-25,9,9
1991-08-06,10,6
1991-08-14,9,9
1991-08-16,69,69
1991-08-20,4,4
1991-08-28,3,3
1991-09-03,10,3
1991-09-04,20,14
1991-09-11,14,14
1991-09-16,13,13
1991-09-17,4,4
1991-09-18,2,2
1991-09-23,16,1
1991-09-26,10,10
1991-09-27,15,15
1991-09-29,10,1
1991-10-05,134,134
1991-10-13,12,12
1991-10-25,3,3
1991-10-25,17,17
1991-10-30,18,5
1991-11-01,40,40
1991-11-07,51,51
1991-11-11,15,15
1991-11-16,20,20
1991-11-20,3,3
1991-11-20,23,23
1991-11-25,3,1
1991-11-26,41,41
1991-11-29,16,16
1991-12-22,30,27
1991-12-27,129,0
1991-12-29,5,5
1992-01-20,96,87
1992-01-28,47,47
1992-02-03,12,12
1992-02-06,5,5
1992-02-09,56,30
1992-02-15,4,3
1992-03-02,5,5
1992-03-12,8,3
1992-03-22,51,27
1992-03-24,7,7
1992-04-04,12,1
1992-04-07,13,3
1992-04-10,10,7
1992-04-14,46,46
1992-04-16,15,11
1992-04-22,22,16
1992-04-22,9,9
1992-04-26,39,39
1992-06-06,47,47
1992-06-07,5,5
1992-06-22,3,3
1992-06-22,12,10
1992-07-05,19,19
1992-07-13,1,1
1992-07-14,34,29
1992-07-14,57,57
1992-07-20,24,24
1992-07-24,70,70
1992-07-24,8,8
1992-07-27,4,4
1992-07-30,292,0
1992-07-31,113,113
1992-07-31,126,108
1992-08-21,10,10
1992-08-25,3,3
1992-08-27,84,84
1992-08-27,3,3
1992-08-27,41,8
1992-08-31,17,3
1992-09-10,43,1
1992-09-12,16,9
1992-09-16,7,7
1992-09-18,3,3
1992-09-19,11,11
1992-09-21,10,10
1992-09-26,158,158
1992-09-28,167,167
1992-10-04,4,4
1992-10-07,6,6
1992-10-08,35,14
1992-10-09,13,1
1992-10-18,31,31
1992-10-19,16,15
1992-10-21,11,8
1992-10-29,14,13
1992-11-11,20,20
1992-11-11,33,33
1992-11-14,31,30
1992-11-15,34,34
1992-11-24,141,141
1992-11-30,13,13
1992-12-09,9,9
1992-12-13,37,37
1992-12-14,61,61
1992-12-21,340,56
1992-12-22,157,157
1993-01-03,4,4
1993-01-06,23,4
1993-01-09,44,17
1993-01-13,2,2
1993-01-14,2,2
1993-01-27,21,3
1993-01-31,16,16
1993-02-08,133,133
1993-02-10,30,30
1993-02-20,2,2
1993-02-28,6,6
1993-03-05,97,83
1993-03-23,6,6
1993-03-31,5,0
1993-04-01,4,4
1993-04-02,11,11
1993-04-06,264,2
1993-04-19,8,8
1993-04-23,40,32
1993-04-26,118,55
1993-04-27,30,30
1993-04-27,76,76
1993-05-11,2,2
1993-05-15,5,3
1993-05-19,132,132
1993-06-06,2,2
1993-06-09,11,9
1993-06-16,3,1
1993-06-17,41,41
1993-07-01,43,41
1993-07-06,23,23
1993-07-12,2,1
1993-07-23,113,55
1993-07-26,110,68
1993-07-30,17,1
1993-07-31,19,19
1993-08-18,3,0
1993-08-26,24,24
1993-08-28,86,82
1993-09-14,70,2
1993-09-21,27,27
1993-09-22,132,108
1993-10-04,60,60
1993-10-25,9,9
1993-10-26,80,2
1993-10-27,20,7
1993-11-10,7,7
1993-11-13,102,12
1993-11-15,17,17
1993-11-20,116,116
1993-12-01,18,18
1993-12-03,7,7
1993-12-09,3,3
1993-12-13,18,18
1993-12-15,29,29
1993-12-26,36,36
1994-01-03,124,124
1994-01-07,8,5
1994-02-24,13,13
1994-02-25,2,1
1994-02-25,31,31
1994-03-02,116,0
1994-03-08,4,4
1994-03-14,8,8
1994-03-17,32,32
1994-03-18,2,2
1994-03-18,2,2
1994-03-21,6,6
1994-03-23,75,75
1994-04-03,5,5
1994-04-04,24,3
1994-04-06,17,17
1994-04-06,12,12
1994-04-14,26,26
1994-04-25,11,11
1994-04-26,271,264
1994-05-07,16,8
1994-05-23,11,4
1994-05-28,29,7
1994-06-02,29,29
1994-06-06,160,160
1994-06-13,9,9
1994-06-18,12,12
1994-06-18,12,12
1994-06-26,17,17
1994-06-29,70,50
1994-06-30,7,7
1994-07-01,93,80
1994-07-02,57,37
1994-07-14,7,3
1994-07-17,6,6
1994-07-17,9,5
1994-07-19,21,21
1994-07-26,18,18
1994-08-05,47,47
1994-08-07,7,6
1994-08-10,160,0
1994-08-11,3,3
1994-08-12,3,3
1994-08-21,44,44
1994-09-08,132,132
1994-09-13,5,3
1994-09-17,4,3
1994-09-18,39,5
1994-09-23,12,6
1994-09-26,28,28
1994-09-28,27,1
1994-09-30,20,8
1994-10-08,10,10
1994-10-12,66,66
1994-10-14,21,21
1994-10-26,22,22
1994-10-29,19,7
1994-10-29,23,23
1994-10-31,68,68
1994-11-01,14,14
1994-11-04,4,4
1994-11-05,30,6
1994-11-16,1,1
1994-11-22,7,7
1994-11-22,142,2
1994-11-25,22,22
1994-12-10,293,1
1994-12-13,20,15
1994-12-15,2,2
1994-12-17,9,7
1994-12-17,28,28
1994-12-21,5,5
1994-12-26,239,3
1994-12-29,76,57
1995-01-05,12,12
1995-01-10,14,14
1995-01-11,52,51
1995-01-14,4,2
1995-01-17,24,2
1995-01-20,19,3
1995-01-20,10,10
1995-02-16,3,3
1995-03-16,10,9
1995-03-31,60,60
1995-04-23,9,1
1995-04-29,52,52
1995-05-01,8,8
1995-05-03,7,7
1995-05-09,9,9
1995-05-13,6,6
1995-05-24,12,12
1995-05-25,11,2
1995-05-29,10,6
1995-06-09,21,5
1995-06-16,12,12
1995-06-16,14,13
1995-06-17,48,48
1995-06-24,80,16
1995-06-27,2,2
1995-07-01,3,3
1995-07-12,15,15
1995-07-17,18,1
1995-07-18,34,34
1995-07-25,2,2
1995-08-02,3,3
1995-08-09,65,65
1995-08-09,10,10
1995-08-14,10,10
1995-08-21,29,10
1995-09-01,1,1
1995-09-02,8,8
1995-09-02,7,7
1995-09-09,22,21
1995-09-11,51,3
1995-09-12,81,81
1995-09-15,53,34
1995-09-21,43,42
1995-09-22,24,24
1995-09-24,15,15
1995-09-27,10,8
1995-10-03,14,1
1995-10-04,15,15
1995-11-09,53,53
1995-11-12,78,0
1995-11-13,137,9
1995-11-22,63,63
1995-11-29,10,10
1995-11-30,6,2
1995-12-03,78,72
1995-12-05,82,54
1995-12-07,98,98
1995-12-13,49,49
1995-12-18,144,141
1995-12-20,164,160
1995-12-22,12,2
1996-01-08,10,1
1996-01-08,6,2
1996-01-18,14,14
1996-01-22,39,39
1996-02-04,4,4
1996-02-05,4,4
1996-02-06,189,189
1996-02-11,20,20
1996-02-12,15,11
1996-02-26,91,91
1996-02-27,8,8
1996-02-29,123,123
1996-03-09,23,23
1996-03-12,12,12
1996-04-03,35,35
1996-04-05,20,20
1996-04-05,17,6
1996-04-11,3,3
1996-05-03,53,53
1996-05-09,2,2
1996-05-10,19,16
1996-05-11,10,1
1996-05-11,110,110
1996-05-19,3,3
1996-06-06,10,10
1996-06-09,7,7
1996-06-12,28,18
1996-06-13,275,3
1996-06-21,12,2
1996-07-06,142,2
1996-07-09,20,20
1996-07-11,9,9
1996-07-15,41,34
1996-07-17,230,230
1996-07-17,18,1
1996-07-20,4,4
1996-07-24,49,8
1996-08-12,2,2
1996-08-14,3,1
1996-08-17,9,9
1996-08-18,3,3
1996-08-19,12,12
1996-08-29,141,141
1996-09-25,32,32
1996-10-02,70,70
1996-10-03,21,6
1996-10-06,19,6
1996-10-08,23,2
1996-10-22,4,4
1996-10-26,34,5
1996-10-31,95,95
1996-11-01,16,16
1996-11-07,143,143
1996-11-07,8,8
1996-11-12,349,349
1996-11-14,15,14
1996-11-19,14,14
1996-11-22,11,10
1996-11-23,175,127
1996-11-27,23,23
1996-11-30,15,14
1996-12-07,17,16
1996-12-09,2,2
1996-12-17,18,18
1996-12-21,4,4
1996-12-22,6,6
1996-12-24,22,22
1996-12-24,2,2
1997-01-07,5,3
1997-01-09,29,29
1997-01-29,2,1
1997-01-31,16,5
1997-02-01,52,25
1997-02-02,37,37
1997-02-04,73,73
1997-02-14,52,1
1997-02-19,5,5
1997-03-12,16,16
1997-03-13,88,88
1997-03-18,50,50
1997-04-01,10,3
1997-04-04,2,2
1997-04-10,5,5
1997-04-14,7,3
1997-04-15,6,6
1997-04-16,14,14
1997-04-19,53,15
1997-04-23,36,36
1997-05-08,74,35
1997-06-06,27,27
1997-06-10,12,7
1997-07-03,2,2
1997-07-06,29,25
1997-07-09,60,1
1997-07-11,44,44
1997-07-17,50,30
1997-07-18,4,2
1997-07-29,55,1
1997-07-30,17,1
1997-08-06,254,228
1997-08-07,4,4
1997-08-10,16,16
1997-08-29,12,12
1997-09-03,66,65
1997-09-06,10,10
1997-09-12,22,22
1997-09-13,33,33
1997-09-26,234,234
1997-10-08,9,9
1997-10-10,74,74
1997-10-10,5,5
1997-10-12,1,1
1997-10-29,26,2
1997-11-08,8,8
1997-12-05,23,23
1997-12-09,17,4
1997-12-13,19,10
1997-12-15,86,85
1997-12-17,70,70
1997-12-19,104,104
1997-12-20,5,5
1997-12-27,5,5
1997-12-28,393,1
1997-12-31,10,10
1998-01-13,2,2
1998-01-13,51,51
1998-01-27,45,16
1998-02-02,104,104
1998-02-03,2,0
1998-02-04,7,7
1998-02-05,5,5
1998-02-12,57,27
1998-02-16,196,196
1998-03-10,6,6
1998-03-18,13,13
1998-03-19,45,45
1998-03-22,127,0
1998-03-28,55,22
1998-03-31,4,2
1998-04-20,53,53
1998-05-05,88,75
1998-05-12,42,39
1998-05-25,26,26
1998-05-25,5,5
1998-05-26,28,28
1998-06-18,11,11
1998-06-25,6,6
1998-07-13,8,8
1998-07-16,3,3
1998-07-17,10,10
1998-07-23,4,4
1998-07-27,18,4
1998-07-28,2,2
1998-07-29,24,5
1998-07-30,15,15
1998-07-30,6,6
1998-08-04,5,5
1998-08-11,13,1
1998-08-19,10,5
1998-08-21,18,18
1998-08-24,2,1
1998-08-24,44,44
1998-08-29,91,70
1998-09-02,229,229
1998-09-02,24,24
1998-09-09,5,5
1998-09-10,5,5
1998-09-25,38,38
1998-09-28,22,1
1998-09-29,55,55
1998-10-02,27,1
1998-10-10,41,41
1998-10-21,37,0
1998-10-25,11,4
1998-11-01,18,11
1998-11-11,13,13
1998-11-21,1,1
1998-12-07,10,7
1998-12-11,146,102
1998-12-14,11,11
1998-12-17,10,1
1998-12-22,5,5
1998-12-26,14,14
1999-01-02,9,9
1999-01-12,2,2
1999-01-13,4,4
1999-01-13,2,2
1999-01-16,4,3
1999-01-21,28,28
1999-02-02,14,14
1999-02-03,11,11
1999-02-08,7,7
1999-02-24,61,61
1999-02-25,31,4
1999-03-07,19,19
1999-03-18,8,8
1999-03-19,2,1
1999-04-07,5,5
1999-04-07,6,6
1999-04-08,5,5
1999-04-15,3,3
1999-05-08,12,7
1999-05-24,5,5
1999-05-29,2,2
1999-06-01,145,11
1999-06-03,50,50
1999-06-09,1,1
1999-06-09,7,7
1999-06-17,17,17
1999-06-25,2,1
1999-07-01,5,1
1999-07-02,8,8
1999-07-04,18,5
1999-07-07,5,5
1999-07-09,4,4
1999-07-16,3,3
1999-07-23,517,1
1999-07-23,7,7
1999-07-24,17,17
1999-08-07,18,18
1999-08-22,315,3
1999-08-24,96,1
1999-08-26,33,2
1999-08-31,103,63
1999-09-05,15,15
1999-09-14,245,1
1999-09-14,13,7
1999-09-14,2,2
1999-09-17,5,5
1999-10-02,20,12
1999-10-24,6,6
1999-10-25,6,6
1999-10-31,217,217
1999-11-09,18,18
1999-11-12,24,24
1999-12-05,7,5
1999-12-07,17,17
1999-12-10,94,3
1999-12-11,35,35
1999-12-21,314,16
1999-12-22,4,4
1999-12-24,189,1
1999-12-25,22,22
1999-12-25,10,10
1999-12-29,6,6
2000-01-05,16,1
2000-01-10,10,10
2000-01-13,41,22
2000-01-15,20,5
2000-01-30,179,169
2000-01-31,88,88
2000-02-02,8,8
2000-02-16,3,3
2000-03-05,142,0
2000-03-09,9,9
2000-03-17,10,10
2000-03-17,2,2
2000-03-22,7,7
2000-03-24,8,6
2000-03-25,33,3
2000-03-30,40,40
2000-04-05,3,3
2000-04-19,131,131
2000-04-19,24,24
2000-04-29,4,4
2000-05-02,5,2
2000-05-03,1,1
2000-05-10,6,6
2000-05-17,10,3
2000-05-21,19,19
2000-05-25,298,1
2000-05-31,8,8
2000-06-05,52,7
2000-06-22,44,44
2000-06-23,3,3
2000-06-27,5,5
2000-07-02,15,14
2000-07-08,19,19
2000-07-09,19,13
2000-07-13,3,1
2000-07-17,58,55
2000-07-19,2,2
2000-07-20,2,2
2000-07-21,7,7
2000-07-25,109,109
2000-07-26,13,13
2000-07-27,25,25
2000-08-02,6,6
2000-08-06,14,14
2000-08-09,11,11
2000-08-12,27,27
2000-08-23,143,143
2000-09-02,7,7
2000-09-04,8,8
2000-09-16,14,14
2000-10-06,88,0
2000-10-08,3,3
2000-10-10,3,2
2000-10-16,3,3
2000-10-19,17,8
2000-10-25,86,86
2000-10-31,179,83
2000-10-31,44,44
2000-11-07,11,2
2000-11-09,1,1
2000-11-15,57,57
2000-11-20,114,1
2000-12-11,6,6
2001-01-04,16,16
2001-01-08,9,9
2001-01-23,2,2
2001-01-25,24,24
2001-01-27,10,10
2001-01-31,6,3
2001-02-08,3,3
2001-02-08,6,2
2001-02-10,10,10
2001-02-27,2,2
2001-03-03,21,21
2001-03-03,5,1
2001-03-15,174,3
2001-03-24,19,19
2001-03-26,3,3
2001-03-29,18,18
2001-04-04,30,14
2001-04-07,16,16
2001-04-28,10,10
2001-05-16,34,34
2001-05-17,30,30
2001-05-17,5,5
2001-05-22,7,7
2001-06-15,19,1
2001-07-04,145,145
2001-07-05,12,8
2001-07-12,13,13
2001-07-14,10,10
2001-08-05,3,3
2001-08-10,7,6
2001-08-23,11,4
2001-08-24,2,2
2001-08-24,304,0
2001-08-29,47,4
2001-09-11,64,64
2001-09-11,92,92
2001-09-11,65,65
2001-09-11,44,44
2001-09-12,19,19
2001-09-15,82,1
2001-09-18,13,9
2001-10-04,78,78
2001-10-08,7,3
2001-10-08,114,114
2001-10-10,10,10
2001-10-10,10,10
2001-10-11,3,2
2001-10-18,5,3
2001-11-12,260,260
2001-11-19,27,27
2001-11-22,2,2
2001-11-23,17,2
2001-11-24,33,24
2001-11-27,13,1
2001-12-01,18,18
2001-12-14,6,6
2001-12-16,16,16
2001-12-26,9,8
2002-01-04,5,5
2002-01-09,7,7
2002-01-14,3,3
2002-01-15,17,5
2002-01-16,62,1
2002-01-17,26,26
2002-01-27,40,5
2002-01-28,92,92
2002-02-12,117,117
2002-02-15,10,1
2002-02-21,20,17
2002-02-22,10,10
2002-03-09,3,3
2002-03-14,17,17
2002-03-17,4,4
2002-04-12,2,2
2002-04-15,166,128
2002-04-19,8,3
2002-04-28,20,8
2002-05-04,77,74
2002-05-07,62,14
2002-05-07,112,112
2002-05-21,5,5
2002-05-25,225,225
2002-05-25,6,6
2002-06-01,3,3
2002-06-02,25,20
2002-06-12,10,3
2002-07-01,71,71
2002-07-04,27,27
2002-07-16,10,10
2002-07-16,11,11
2002-07-17,4,4
2002-07-27,2,0
2002-07-28,16,14
2002-08-07,10,10
2002-08-15,5,5
2002-08-19,147,121
2002-08-22,18,18
2002-08-29,16,16
2002-08-30,31,23
2002-09-14,2,2
2002-09-28,4,3
2002-10-01,12,12
2002-11-06,22,20
2002-11-07,10,7
2002-11-08,2,2
2002-11-11,34,19
2002-11-28,20,1
2002-12-13,8,8
2002-12-17,1,1
2002-12-21,2,2
2002-12-23,44,44
2002-12-26,16,3
2002-12-27,16,1
2003-01-08,21,21
2003-01-08,80,75
2003-01-09,46,46
2003-01-17,7,7
2003-01-24,13,3
2003-01-31,6,6
2003-02-07,8,8
2003-02-10,3,2
2003-02-16,7,3
2003-02-19,275,275
2003-02-20,17,17
2003-03-01,25,11
2003-03-06,103,102
2003-03-27,16,4
2003-03-28,3,3
2003-05-08,200,129
2003-05-26,75,75
2003-05-28,4,4
2003-06-01,2,2
2003-06-04,5,5
2003-06-06,10,8
2003-06-11,4,4
2003-06-15,4,4
2003-06-22,24,1
2003-06-25,7,7
2003-06-25,3,3
2003-06-26,4,4
2003-06-30,4,4
2003-07-01,4,4
2003-07-05,5,5
2003-07-08,117,117
2003-07-13,10,2
2003-07-13,10,4
2003-07-19,14,14
2003-07-23,5,5
2003-08-04,2,2
2003-08-08,16,1
2003-08-17,2,2
2003-08-20,20,20
2003-08-24,21,21
2003-08-26,2,2
2003-09-11,8,8
2003-09-19,2,1
2003-09-19,6,6
2003-09-20,7,7
2003-09-27,3,3
2003-10-03,2,2
2003-10-03,4,4
2003-10-11,2,1
2003-10-26,5,5
2003-10-27,3,3
2003-10-29,1,1
2003-11-02,36,15
2003-11-08,4,4
2003-11-08,7,2
2003-11-15,22,17
2003-11-29,1,1
2003-11-29,24,20
2003-12-16,3,2
2003-12-18,3,3
2003-12-23,2,2
2003-12-25,161,140
2004-01-03,148,148
2004-01-13,37,37
2004-02-06,9,9
2004-02-10,46,43
2004-03-04,7,3
2004-03-16,5,5
2004-03-21,5,4
2004-05-02,7,7
2004-05-05,7,3
2004-05-06,10,6
2004-05-11,7,7
2004-05-14,33,33
2004-05-18,7,7
2004-05-18,12,1
2004-05-23,2,2
2004-05-25,3,3
2004-06-08,30,19
2004-06-28,24,24
2004-07-12,2,1
2004-07-22,11,6
2004-07-29,3,2
2004-08-13,2,1
2004-08-21,25,25
2004-08-24,46,46
2004-08-24,41,41
2004-08-27,3,1
2004-09-09,2,2
2004-09-11,17,17
2004-09-29,1,1
2004-10-05,4,4
2004-10-14,7,7
2004-10-14,2,2
2004-10-15,3,3
2004-10-16,2,2
2004-10-19,15,13
2004-10-24,5,5
2004-10-24,10,10
2004-11-18,21,3
2004-11-21,53,53
2004-11-22,3,3
2004-11-27,6,6
2004-11-28,6,3
2004-11-30,163,25
2004-12-10,16,16
2004-12-11,7,1
2004-12-11,2,2
2005-01-13,9,9
2005-01-13,20,20
2005-01-13,1,1
2005-01-26,31,31
2005-01-27,2,2
2005-01-30,10,10
2005-02-03,104,104
2005-02-03,7,7
2005-02-16,8,8
2005-02-22,13,2
2005-02-22,18,15
2005-03-08,2,2
2005-03-15,2,2
2005-03-16,52,28
2005-03-23,8,8
2005-03-26,14,8
2005-03-31,9,9
2005-04-12,18,18
2005-04-20,169,3
2005-04-21,11,11
2005-04-28,13,13
2005-05-02,2,2
2005-05-05,11,10
2005-05-07,15,15
2005-05-16,10,10
2005-05-18,13,13
2005-05-25,27,27
2005-06-02,42,7
2005-07-16,60,60
2005-08-02,309,0
2005-08-06,39,16
2005-08-10,14,14
2005-08-14,121,121
2005-08-16,160,160
2005-08-23,98,40
2005-09-05,117,99
2005-09-05,11,11
2005-09-09,14,14
2005-10-04,100,2
2005-10-22,117,117
2005-12-06,94,94
2005-12-08,103,0
2005-12-10,110,108
2005-12-19,20,20
2005-12-23,23,23
2006-01-02,3,3
2006-01-07,12,12
2006-01-08,6,6
2006-01-09,11,11
2006-01-19,43,42
2006-02-05,3,3
2006-02-08,1,1
2006-03-31,19,19
2006-04-10,17,14
2006-04-23,6,6
2006-04-24,16,2
2006-05-03,113,113
2006-05-14,3,1
2006-05-23,4,4
2006-06-03,40,40
2006-06-11,7,5
2006-06-21,9,9
2006-07-07,5,5
2006-07-09,203,125
2006-07-10,45,45
2006-07-27,17,17
2006-08-03,17,17
2006-08-04,1,1
2006-08-13,3,3
2006-08-22,170,170
2006-08-27,50,49
2006-09-01,148,29
2006-09-02,14,14
2006-09-11,15,12
2006-09-17,18,13
2006-09-29,161,154
2006-10-10,16,4
2006-10-19,15,15
2006-10-29,105,96
2006-11-17,12,12
2006-11-18,5,5
2006-11-27,38,38
2006-12-10,3,3
2007-01-01,102,102
2007-01-09,35,34
2007-01-20,12,12
2007-01-25,54,0
2007-03-07,140,22
2007-03-08,7,4
2007-03-11,5,1
2007-03-14,4,4
2007-03-17,57,6
2007-03-23,11,11
2007-04-25,5,3
2007-04-27,18,18
2007-05-05,114,114
2007-05-06,9,9
2007-05-17,3,3
2007-05-24,20,13
2007-06-03,22,21
2007-06-04,6,6
2007-06-13,22,15
2007-06-21,25,1
2007-06-25,22,22
2007-06-28,78,5
2007-07-05,3,3
2007-07-08,5,1
2007-07-17,187,187
2007-07-23,9,1
2007-07-24,5,5
2007-07-29,9,9
2007-08-09,20,20
2007-08-16,10,6
2007-08-20,165,0
2007-08-22,2,2
2007-08-22,14,14
2007-08-26,15,14
2007-09-07,8,8
2007-09-16,130,90
2007-09-24,6,1
2007-10-04,22,21
2007-10-08,17,17
2007-11-08,4,0
2007-11-30,57,57
2007-12-03,4,4
2007-12-05,2,2
2008-01-04,18,18
2008-01-12,11,11
2008-01-17,152,0
2008-01-23,20,20
2008-01-26,3,3
2008-02-21,46,46
2008-02-26,20,5
2008-03-03,10,10
2008-04-03,19,19
2008-04-09,1,1
2008-04-11,8,8
2008-04-15,94,3
2008-04-16,13,13
2008-04-28,20,20
2008-05-17,5,2
2008-05-24,6,4
2008-05-26,9,9
2008-05-29,12,11
2008-05-30,136,3
2008-06-08,4,4
2008-06-10,214,32
2008-06-18,1,1
2008-06-20,10,10
2008-06-26,18,18
2008-06-27,8,7
2008-06-29,7,6
2008-06-30,4,4
2008-07-06,2,1
2008-07-07,8,0
2008-07-31,8,8
2008-08-03,7,5
2008-08-05,13,9
2008-08-06,10,10
2008-08-13,3,3
2008-08-20,172,154
2008-08-24,90,68
2008-08-30,3,3
2008-09-01,3,3
2008-09-03,7,7
2008-09-14,88,88
2008-09-19,6,4
2008-09-27,5,4
2008-10-08,19,18
2008-10-15,4,4
2008-11-13,7,7
2008-11-16,8,7
2008-11-27,7,7
2008-12-03,3,3
2008-12-11,3,3
2008-12-15,12,12
2008-12-20,115,0
2009-01-01,2,2
2009-01-04,9,8
2009-01-15,13,13
2009-01-15,155,0
2009-02-07,28,24
2009-02-12,49,49
2009-02-15,13,13
2009-02-20,5,5
2009-02-25,134,9
2009-03-09,11,11
2009-03-12,18,17
2009-03-22,14,14
2009-03-23,2,2
2009-04-01,16,16
2009-04-06,24,24
2009-04-09,6,6
2009-04-29,7,7
2009-05-03,18,18
2009-05-20,112,112
2009-05-26,4,4
2009-06-01,228,228
2009-06-07,1,1
2009-06-08,13,13
2009-06-29,3,3
2009-06-30,153,152
2009-07-03,26,26
2009-07-15,168,168
2009-07-19,21,16
2009-07-24,153,16
2009-08-02,16,16
2009-08-04,72,1
2009-08-08,9,9
2009-08-11,13,13
2009-08-26,7,7
2009-09-08,13,10
2009-09-24,3,1
2009-09-25,3,3
2009-10-17,4,4
2009-10-21,6,6
2009-10-22,10,1
2009-11-01,11,11
2009-11-01,11,11
2009-11-12,15,1
2009-11-14,3,3
2009-11-28,7,3
2009-11-29,8,6
2010-01-22,2,2
2010-01-25,90,90
2010-01-25,10,2
2010-01-28,8,8
2010-02-14,11,11
2010-04-10,96,96
2010-04-10,18,10
2010-04-13,5,5
2010-04-21,6,3
2010-05-12,104,103
2010-05-15,8,8
2010-05-17,44,44
2010-05-22,166,159
2010-06-19,11,11
2010-06-23,7,7
2010-07-05,14,12
2010-07-28,152,152
2010-07-28,4,4
2010-08-01,3,3
2010-08-03,15,12
2010-08-09,9,5
2010-08-16,131,2
2010-08-21,4,4
2010-08-24,14,14
2010-08-24,96,44
2010-08-25,20,19
2010-08-27,10,10
2010-09-03,2,2
2010-09-04,9,9
2010-09-13,51,17
2010-09-21,13,10
2010-10-06,28,28
2010-10-12,8,8
2010-10-21,2,2
2010-11-04,68,68
2010-11-05,21,21
2010-11-25,10,7
2010-11-28,8,8
2010-12-04,169,2
2010-12-15,22,22
2011-01-01,124,3
2011-01-09,105,77
2011-02-08,9,9
2011-02-10,12,6
2011-02-14,14,14
2011-03-21,9,9
2011-04-04,33,32
2011-04-19,23,18
2011-04-21,7,7
2011-05-07,27,27
2011-05-18,22,22
2011-06-20,52,47
2011-07-06,9,9
2011-07-08,115,77
2011-07-11,37,7
2011-07-13,16,16
2011-07-26,80,80
2011-07-28,2,2
2011-08-06,38,38
2011-08-09,11,11
2011-08-20,15,12
2011-08-26,4,4
2011-09-02,21,21
2011-09-06,9,8
2011-09-07,45,44
2011-09-14,36,30
2011-09-16,1,1
2011-09-22,9,2
2011-09-25,19,19
2011-09-29,18,18
2011-10-13,32,28
2011-10-27,9,1
2011-11-10,5,5
2011-11-11,8,8
2011-12-07,5,5
2011-12-26,3,3
2012-01-30,5,3
2012-03-15,2,2
2012-03-16,12,12
2012-04-02,43,33
2012-04-20,127,127
2012-04-30,13,13
2012-05-09,45,45
2012-05-14,21,15
2012-06-02,4,0
2012-06-03,153,153
2012-06-06,14,14
2012-06-11,13,13
2012-06-21,7,7
2012-08-18,4,3
2012-08-19,32,32
2012-09-12,14,10
2012-09-28,19,19
2012-10-07,22,15
2012-10-07,4,3
2012-11-21,10,10
2012-11-30,7,7
2012-12-05,11,11
2012-12-09,7,7
2012-12-25,27,27
2012-12-25,71,1
2012-12-29,8,5
2013-01-02,3,3
2013-01-04,6,6
2013-01-29,21,21
2013-02-13,45,5
2013-03-04,10,7
2013-03-08,2,2
2013-04-13,108,0
2013-04-29,7,7
2013-05-31,4,4
2013-06-25,20,20
2013-07-06,307,3
2013-07-07,10,10
2013-08-09,6,4
2013-08-14,2,2
2013-10-03,20,16
2013-10-10,16,2
2013-10-16,49,49
2013-11-03,18,8
2013-11-09,21,13
2013-11-10,7,5
2013-11-17,50,50
2013-11-29,3,3
2013-11-29,33,33
2013-12-05,5,5
2013-12-26,9,9
2014-01-20,7,2
2014-02-11,77,76
2014-02-16,18,18
2014-02-21,11,11
2014-03-08,239,239
2014-03-18,2,2
2014-04-19,8,8
2014-04-20,8,8
2014-05-08,6,6
2014-05-17,17,16
2014-06-14,49,49
2014-07-02,4,4
2014-07-07,19,18
2014-07-17,298,298
2014-07-23,58,48
2014-07-24,116,116
2014-08-10,48,39
2014-08-30,7,7
2014-08-31,3,3
2014-09-20,9,4
2014-10-04,4,2
2014-12-28,6,6
2014-12-28,162,162
2015-01-18,37,37
2015-02-04,58,43
2015-03-09,10,10
2015-03-24,150,150
2015-06-25,9,9
2015-06-30,122,122
2015-07-31,11,11
2015-08-12,6,1
2015-08-16,54,54
2015-09-05,7,7
2015-09-15,7,3
2015-10-02,11,11
2015-10-02,10,10
2015-10-31,4,4
2015-10-31,224,224
2015-11-04,43,41
2015-11-21,7,7
2015-11-24,26,15
2016-01-08,2,2
2016-02-02,72,1
2016-02-24,23,23
2016-02-26,11,2
2016-03-09,4,3
2016-03-15,22,22
2016-03-19,62,62
2016-03-29,7,7
2016-04-04,5,5
2016-04-13,12,12
2016-04-29,13,13
2016-05-19,66,66
2016-07-22,29,29
2016-07-30,16,16
2016-08-05,300,0
2016-08-31,5,5
2016-10-24,5,5
2016-11-28,77,71
2016-12-03,13,13
2016-12-07,48,48
2016-12-18,13,13
2016-12-20,6,5
2016-12-25,92,92
2017-01-16,4,4
2017-02-21,5,5
2017-03-10,7,7
2017-03-27,6,6
2017-05-05,2,2
2017-05-27,3,2
2017-06-07,122,122
2017-06-28,3,3
2017-07-10,16,16
2017-09-30,12,12
2017-10-12,7,7
2017-10-14,10,4
2017-11-15,11,11
2017-12-13,25,1
2017-12-31,12,12
2018-01-29,12,12
2018-02-10,7,3
2018-02-11,71,71
2018-02-18,66,66
2018-03-06,39,39
2018-03-11,6,5
2018-03-11,11,11
2018-03-12,71,51
2018-04-11,257,257
2018-04-17,149,1
2018-05-02,9,9
2018-05-18,113,112
2018-06-05,10,10
2018-07-10,19,1
2018-08-04,20,20
2018-09-17,15,15
2018-09-28,47,1
2018-10-29,189,189
2018-11-06,128,1
2019-01-14,16,15
2019-02-23,3,3
2019-03-09,14,14
2019-03-10,157,157
2019-04-16,6,6
2019-05-05,13,13
2019-05-05,78,41
2019-06-03,13,13
2019-07-30,5,5
2019-09-11,2,2
2019-10-04,8,5
2019-11-24,19,19
2019-12-27,98,12
2020-01-02,18,18
2020-01-08,176,176
2020-02-05,177,3
2020-03-29,8,8
2020-05-22,99,97
2020-08-07,190,20
2020-08-22,8,7
2020-09-25,27,26
2021-01-09,62,62
2021-03-02,10,10
2021-03-28,6,5
2021-05-21,11,11
2021-06-10,14,12
2021-07-04,96,49
2021-07-06,28,28
2021-09-12,16,4
2021-12-27,4,4
2022-03-21,132,132
2022-05-29,22,22
2022-07-16,8,8
2022-11-06,43,19
2022-11-18,108,0
2022-11-21,8,8
