latitude,longitude
38.8967386,-77.0724024
48.6904063,2.373809
39.3642852,-74.4229351
48.4283182,-123.3649533
50.8074825,4.9371775
51.6284395,0.4218142
51.6958889,-0.1848935
50.0012314,8.2762513
-34.9595334,116.8280129
40.6639916,-74.2107006
41.4996574,-81.6936772
40.907199,-77.938042
41.8755616,-87.6244212
45.4384958,10.9924122
54.9738474,-1.6131572
40.78168135,-74.7592328
41.5045465,-85.82410851
40.735657,-74.1723667
40.735657,-74.1723667
40.9354609,-74.66115133
41.2951037,-92.6448451
41.4996574,-81.6936772
10.4266746,-75.5443419
52.1363806,-0.4675041
38.980666,-76.9369189
40.7970382,-74.4809868
41.4108855,-83.46104
39.4697065,-0.3763353
41.8500284,-88.3125738
41.0812698,-105.5091717
51.4893335,-0.144055085
41.3828939,2.1774322
43.8122836,-91.2514355
41.1958128,-115.3272864
-37.9064862,144.7533059
40.734982,-73.5944933
41.4996574,-81.6936772
41.5860557,-109.2194544
43.6044622,1.4442469
53.7124015,-0.3652257
48.8534951,2.3483915
48.8534951,2.3483915
40,-40
49.6647765,1.9428278
51.0791366,1.1841744
53.6323399,10.0233695
36.5297438,-6.2928976
39.7683331,-86.1583502
45.4371908,12.3345898
35.1952327,-6.152913
34.0346534,-5.0161926
41.9263991,8.7376029
41.3828939,2.1774322
41.139981,-104.820246
41.641445,-80.151449
44.4361414,26.1027202
41.4647742,-83.9524442
40.2338211,-84.4096729
41.4000523,-82.8085204
41.1710716,-104.2552567
40.9658932,-78.6130822
11.0101922,-74.82317941
39.7837304,-100.445882
43.5445,3.12514
41.5850394,-85.8344491
51.3388112,-0.1158589
38.3436365,-0.4881708
50.1250142,3.6913023
38.3436365,-0.4881708
42.2632018,3.1755328
47.4978918,19.0401609
39.7478508,-81.5165127
48.6762624,5.8941759
40.6799498,-80.8880137
20.9127045,-17.0503094
50.5147177,1.6374135
41.5844951,-84.6055076
52.5322705,13.1433666
50.4924668,1.054682
50.9510266,4.3085198
53.6784483,6.9956079
51.24725825,0.930633859
40.7127281,-74.0060152
51.5497446,8.573474968
50.4924668,1.054682
26.1233266,-14.5005584
42.3264181,-122.8718605
50.6440257,2.7226506
34.02236,-6.8340222
-24.9071275,146.3312403
44.5204431,-116.3345874
50.77089045,10.49617883
41.5850394,-85.8344491
36.7753606,3.0601882
50.79946485,8.941291795
51.27452185,0.196116556
41.874428,-72.2598935
40.775517,-74.459968
26.0745309,-97.160961
50.5590505,11.8040013
40.4862174,-74.4518173
48.584614,7.7507127
41.4372721,-85.1471934
36.8414197,-2.4628135
-34.7923733,-55.3837161
43.2297425,1.7138034
41.1172364,1.2546057
36.8414197,-2.4628135
41.0070132,-98.0114268
38.88982015,-77.04024449
39.6903253,-4.4273603
44.9189015,-93.3906083
51.2029228,7.3571392
50.1106444,8.6820917
38.4166818,-95.8530441
51.3388112,-0.1158589
51.8921899,4.4406806
48.6762624,5.8941759
-34.90135105,138.8293202
42.8620287,-112.450627
41.9793006,2.8199439
41.3670014,-79.9292233
44.9332277,4.8920811
41.4487184,-84.7480385
41.4487184,-84.7480385
41.3874649,-80.8692679
33.4764767,-100.855685
-22.9026657,-43.0995012
47.6571104,-117.2613936
52.4480374,11.4852603
41.1305303,-82.591828
35.0457219,-85.3094883
49.2577886,4.031926
41.9538665,-72.3040976
45.2965257,-117.807987
31.3947604,-8.7741484
39.6296809,-79.9559437
40.735657,-74.1723667
32.7174202,-117.1627728
22.2157619,-97.8577713
47.3226787,18.9632427
36.7753606,3.0601882
20.0214637,-75.8294928
41.3828939,2.1774322
44.9497487,-93.0931028
39.9622601,-83.0007065
34.405472,-103.2050709
43.5854823,39.723109
52.1615728,10.89483644
34.8383236,-114.603872
25.6436156,57.7745644
40,-40
43.1579812,-79.2441003
41.5973917,-72.7402852
32.61858505,-116.1874664
40.3933956,-82.4857181
20.40446215,-97.28924572
42.6617712,9.2369442
45.6306954,-122.6744557
41.436589,-81.3855058
52.4713975,13.1961032
35.2072185,-101.833824
34.0743044,-118.376178
-18.9100122,47.5255809
33.1958696,-117.3794834
39.100105,-94.5781416
41.764582,-72.6908547
51.30251775,-1.879225638
40.7215682,-74.047455
-34.6075682,-58.4370894
42.3554334,-71.060511
55.1431224,14.92262966
27.6455368,-98.0841975
51.3713049,-0.101957
53.5462055,-113.491241
51.0493286,13.7381437
-31.9558933,115.8605855
54.3126572,-130.32549
40.6028144,-86.8672339
31.2312707,121.4700152
51.00303,3.7988833
46.4553899,-121.898979
-37.7398071,176.0826134
49.968373,-98.6290814
10.6735993,-61.5327094
-31.8759835,147.2869493
38.2719604,-96.5352854
34.1812089,-118.307201
40.9134862,-77.7737471
41.5795195,-83.4924359
49.234362,6.996379
41.8755616,-87.6244212
-34.3830356,147.468586
38.5250491,-89.1334037
39.1014537,-84.5124602
41.8755616,-87.6244212
37.8044557,-122.271356
-10.3333333,-53.2
39.9448402,-75.1198911
-34.1176801,18.910297
40.7596198,-111.886797
36.6671012,117.0192886
46.2306739,-119.0921
41.2455927,-89.9248303
13.7524938,100.4935089
36.6981025,3.0951001
39.9234046,-83.810138
42.1380804,-88.7834283
34.8416435,-118.8648189
25.8143476,-80.1929369
38.1557502,-121.6913439
42.0258779,-85.8155576
38.5852679,-90.2236333
34.0039044,-117.0619774
40.3600714,-80.6151034
41.39311,-81.536509
41.0799898,-85.1386015
34.1812089,-118.307201
45.5202471,-122.674194
33.8959203,35.47843
32.6336265,-97.0780706
51.33525775,-0.064089492
-28.6483333,153.6177778
20.9127045,-17.0503094
-33.6899965,-71.035406
51.3334726,1.4196476
34.7737082,-90.7576112
35.2072185,-101.833824
37.0973771,-108.0930233
-37.5078701,149.9265151
36.7753606,3.0601882
40.735657,-74.1723667
33.9528472,-84.5496148
33.0203441,-97.1473647
44.0505054,-123.0950506
37.6688205,-122.080796
52.2267069,10.71048345
47.8701474,12.6423403
38.0498524,-77.3469994
42.0700662,-87.8114044
38.0580504,25.72156117
35.1439219,-103.4183431
41.6105938,-87.0641992
47.6441521,6.6750345
45.5202471,-122.674194
34.9972037,-106.0494876
36.6671012,117.0192886
41.4361933,-88.7735303
53.550341,10.000654
-28.889191,31.4704425
47.2574315,3.6843003
22.0724145,-14.44524323
40.0117151,-89.8481652
4.8143159,-75.6946778
50.4924668,1.054682
51.3713049,-0.101957
41.9909235,-74.6840456
-34.5934412,-60.9461678
34.1812089,-118.307201
34.8253019,-116.0833144
-12.285251,-41.9294776
29.8622194,121.6203873
39.8870003,-94.892021
50.4924668,1.054682
-34.6786912,150.8539828
6.2135235,-75.5711578
52.4438124,11.5761196
38.951883,-92.3337366
20.2126686,-75.9973941
36.2434093,-84.6699442
24.8701057,67.0888007
40.4416941,-79.9900861
54.07376965,10.77111727
50.947476,12.7638473
31.1272509,33.8045859
49.4300997,2.0823355
51.3955721,8.5677743
39.898646,-92.4810208
55.75828565,37.60436886
43.0161693,-83.6900211
42.502747,-105.026083
41.8789942,-87.8436412
6.2443382,-75.573553
52.3730796,4.8924534
46.4203657,9.2269445
51.4816546,-3.1791934
6.0572745,-75.502611
30.0443879,31.2357257
34.1812089,-118.307201
59.8737114,26.32304906
42.7284117,-73.6917878
41.139981,-104.820246
32.7356564,-97.4300751
40.63591975,17.68844336
43.5139051,4.9884323
47.3900474,0.6889268
51.3713049,-0.101957
4.71507735,-75.7508642
34.9381496,-91.0209529
33.1838787,-97.1413417
26.0745309,-97.160961
-45,-15
-30.6030819,-71.2029894
40.8168229,-73.9460805
39.900076,-79.7164326
10.6472492,-61.51139453
47.1606885,7.212695
50.5331612,2.1523287
47.5581077,7.5878261
-37.8752637,145.1281258
55.6052931,13.0001566
52.3744779,9.7385532
45.84264135,15.96223148
37.9161378,69.7815382
43.4902317,2.3764363
18.9897368,-97.4484353
38.6280278,-90.1910154
6.0000085,-77.0000086
50.6880109,7.6477412
35.2180313,25.70902949
40.4490985,-79.8982453
32.1288331,20.0817204
50.4924668,1.054682
17.8346002,-93.9307689
53.785097,-1.09904072
49.453872,11.077298
51.4893335,-0.144055085
55.75828565,37.60436886
51.3713049,-0.101957
47.5382349,-116.118887
32.9384683,-96.81888259
32.0615513,118.7915619
34.3798765,-118.5291917
35.7044415,-0.6502981
37.71493055,-122.4275526
13.45535,-16.575646
41.2228616,-75.5476872
40.014561,-74.3112574
48.7784485,9.1800132
50.7360524,4.2374349
21.8005,31.350737
47.1327012,24.4963949
29.2108147,-81.0228331
-33.2762202,-65.9515546
-7.3403142,146.7172732
52.2319581,21.0067249
49.4892913,8.4673098
52.2319581,21.0067249
51.2258565,2.919496
51.3713049,-0.101957
48.1371079,11.5753822
40.63591975,17.68844336
47.35727,5.41413
50.1106444,8.6820917
45.6794293,-111.044047
-14.273456,-170.701868
67.151442,32.4130551
22.78238425,-102.4505058
43.2961743,5.3699525
35.0000035,19.9999957
49.0508845,2.1008067
25.75,78.5
-30.9392349,150.6406221
42.4662469,2.5792263
19.4231214,-99.1023994
-36.9741065,174.7994402
-23.5506507,-46.6333824
41.4996574,-81.6936772
53.7462909,7.481842
45.7874957,-108.49607
40.2754085,9.594506388
5.62787175,-75.94516745
-0.1029109,34.7541761
47.531399,21.6259782
34.27094515,133.6768588
54.3227085,10.135555
-22.888889,-47.065556
44.4361414,26.1027202
35.6840574,139.7744912
-17.5241721,146.0311418
46.6960615,9.6027351
51.5725501,8.1061259
-37.8361703,145.3509803
51.16175085,-3.075386706
49.21230655,-2.12559996
52.3025593,4.7984687
50.44876,-104.61731
13.45535,-16.575646
33.3061701,44.3872213
19.4326296,-99.1331785
52.3730796,4.8924534
-12.46044,130.8410469
48.8534951,2.3483915
-22.9110137,-43.2093727
46.4085273,-105.840981
-14.4646157,132.2635993
58.3019496,-134.419734
50.8909441,4.4157553
5.253198,-75.1544544
35.4729886,-97.5170536
-15.0193104,40.667623
-2.1900563,-79.8868741
52.3025593,4.7984687
51.49433865,3.415005768
54.664193,-2.2063877
47.096913,8.2712723
41.3828939,2.1774322
-14.8512298,-40.8396396
55.6934984,12.5985701
31.7621021,74.8295989
52.3744779,9.7385532
56.0026997,2.81446728
50.7952074,-1.1210853
43.02340035,-87.91802811
31.5118281,-9.7620903
-8.6524973,115.2191175
24.2138029,58.98458229
38.79179625,15.21117525
33.917028,-118.4156337
19.5000383,107.364437
52.3744779,9.7385532
-27.4352201,152.9837377
46.769379,23.5899542
45.5548793,18.6953685
52.5170365,13.3888599
-22.9110137,-43.2093727
52.8455492,13.2461296
35.0000035,19.9999957
41.8755616,-87.6244212
40.54877475,14.22808745
35.0000035,19.9999957
26.6997339,120.3553574
50.302131,-89.0373698
33.7489924,-84.3902644
-29.9230825,31.0019394
26.0745309,-97.160961
44.4361414,26.1027202
43.06005335,137.3353013
41.8933203,12.4829321
55.57743995,-5.252119254
55.4628044,-4.6302502
-23.53322775,-46.66720799
55.4241858,-5.6051005
18.465299,-66.116666
42.779022,-81.1929882
25.7741728,-80.19362
43.4475868,77.05651081
5.8927453,95.3225751
36.09826775,-115.1641174
-10.1632209,123.6017755
-10.1295907,123.7077163
34.5283779,113.8491214
-27.50679155,153.1336795
-9.9999999,69.9999999
-15.4867977,128.1236196
25.0363006,102.7086139
-13.8240162,131.835484
40.7596198,-111.886797
46.4085273,-105.840981
41.73716705,12.62809837
50.99609075,-3.04831052
36.7753606,3.0601882
10.4430243,-61.26130539
36.5939375,3.91993
-23.53322775,-46.66720799
25.0363006,102.7086139
49.14219,-55.343628
56.27076,54.931702
46.5258986,24.5725012
33.77217945,-116.4952977
5.5307334,-73.41307766
64.5731537,11.52803644
40.2621714,-112.092996
48.2171331,16.3515022
39.1501662,-123.2077861
47.6038321,-122.330062
38.7077507,-9.1365919
22.2761593,114.1715787
-27.569486,153.0087377
56.0026997,2.81446728
34.815158,-79.1837649
-22.2745264,166.442419
15.5635972,32.5349123
15.5635972,32.5349123
36.1285933,-5.3474761
52.2757233,-10.2429647
36.7853194,-86.3533242
44.95368,26.0271744
-19.3074674,146.7666865
36.17252975,27.91940164
-22.9110137,-43.2093727
56.0026997,2.81446728
29.4150457,-95.1137941
22.580493,88.38951905
46.318718,-74.221916
32.4610708,-84.9880449
57.5380061,14.85587296
-2.6925299,38.1651715
18.521428,73.8544541
25.0363006,102.7086139
25.0363006,102.7086139
-9.40997445,147.1734397
28.58689,104.718661
-22.947057,150.4260131
41.2224303,-112.8655343
44.78802945,20.45223559
35.1460249,-90.0517638
25.4915799,-98.9811115
-5.52259305,142.0870905
63.7757752,-171.7344628
44.78802945,20.45223559
59.2039226,10.9533869
45.5031824,-73.5698065
49.3891667,0.1886111
49.6348243,0.839636
49.29476595,-1.252311941
25.0363006,102.7086139
22.3306444,114.1614963
-30.0324999,-51.2303767
43.6589742,-70.2569578
40,-40
54.7234041,-4.9546277
42.9636101,-99.0967626
52.3209345,1.5979437
55.503242,-4.620250393
-23.5506507,-46.6333824
44.78802945,20.45223559
37.5419685,-100.6296
64.4459613,-149.680909
-20.2447972,-42.8970432
44.3053476,17.5961467
-33.8698439,151.2082848
-33.8698439,151.2082848
59.9063655,10.6848421
47.7417349,18.1218256
53.3895177,-3.0248007
36.3274502,-119.6456844
30.3321838,-81.655651
59.57344535,8.512253409
50.8746139,0.005115324
-1.2832533,36.8172449
14.0451676,-87.2305488
34.1866193,-118.4486675
26.0745309,-97.160961
51.91383,32.816158
50.4924668,1.054682
10.6472492,-61.51139453
34.1812089,-118.307201
25.4915799,-98.9811115
-9.3460171,124.6370774
-37.020796,144.5315217
37.814396,-122.268139
-19.1832417,-51.3998026
36.8331284,-81.519515
33.5945144,-7.6200284
25.0363006,102.7086139
39.6296809,-79.9559437
-27.487412,153.077998
32.4709519,-100.405938
38.8950368,-77.0365427
51.1132995,-0.7332662
49.6986186,2.7930755
25.4915799,-98.9811115
50.6086976,-1.9571971
12.9767936,77.590082
31.2638905,-98.5456116
40,-40
-0.2283721,35.1563041
40.7127281,-74.0060152
14.6027962,-61.0676724
34.1984435,-79.7671658
-4.0786047,137.1586126
28.0394654,-81.9498042
51.2910096,-0.8557576
48.1113387,-1.6800198
50.9170725,4.4758811
-6.4877198,-76.3598708
35.8989818,14.5136759
48.7822431,8.447167861
27.985688,86.9163367
51.773206,0.190387331
45.7960035,-108.5169842
59.9800631,10.6652973
40.7127281,-74.0060152
33.5206824,-86.8024326
43.8844201,125.3180998
47.0706778,3.0029271
41.4989861,-72.900658
49.6055374,-114.4971396
43.7866062,-110.5474291
10.0206654,122.9771598
46.234953,-63.132935
32.6906137,-116.334462
-42.8388662,147.5061228
39.4004621,-120.183811
36.0428907,14.2398479
34.2536566,108.9386562
30.8576858,-86.8730163
37.5385087,-77.43428
59.9133301,10.7389701
8.7895216,-79.56074
43.2957547,-0.3685668
42.2071434,-72.60765
40.335345,-75.9279495
36.6507007,117.1140042
-2.8974072,-79.0041726
39.350833,-101.710172
16.783333,94.733333
59.9133301,10.7389701
40.014561,-74.3112574
35.84739655,14.49229518
49.4404591,1.0939658
41.5058344,-90.5136642
30.0443879,31.2357257
55.3410225,12.4062467
48.9351403,2.4258354
41.1958128,-115.3272864
13.45535,-16.575646
64.5011111,-165.4063889
49.1428076,-102.9910752
50.8550018,4.351233376
-20.2447972,-42.8970432
48.5452022,-58.5871146
52.17957375,5.930077461
41.139981,-104.820246
41.311367,-105.591101
46.0292761,1.4188089
55.75828565,37.60436886
41.4996574,-81.6936772
34.8416435,-118.8648189
52.3730796,4.8924534
30,-170
9.9325427,-84.0795782
-34.6225227,-58.595568
36.2974945,59.6059232
34.6871803,135.6453428
46.4401007,-122.8467555
-22.9026657,-43.0995012
32.75988325,-117.1672283
31.3135175,121.4857295
31.2312707,121.4700152
39.069122,-89.61893099
41.7075394,-86.8950297
-23.5506507,-46.6333824
36.0638034,120.3781372
39.4342818,-75.1212927
6.5206641,-74.1007112
51.2814145,0.0033075
29.5656729,106.5479189
22.2793278,114.1628131
55.6867243,12.5700724
38.6442353,-9.2375766
38.9237244,-75.5777033
40.2439312,-4.9108472
39.7392364,-104.984862
30.05518,107.8748712
6.6192385,-75.9684928
45.0367303,5.5298791
6.29437795,-75.54975027
7.2094282,79.833117
32.4610708,-84.9880449
49.2653583,-123.256274
39.2475954,-75.30105997
40.7757145,-73.87336399
35.464797,139.323536
39.6029087,-76.1132172
39.1154506,-77.5645607
35.0166667,40.45
28.106471,-80.6371513
46.1239268,3.4203712
-34.6510527,-58.6217416
-37.144012,-56.9045572
30,-170
40.7127281,-74.0060152
55.6052931,13.0001566
44.4361414,26.1027202
38.3737755,-110.706401
35.3737111,-83.2259803
37.618409,-112.1422341
55.1407297,-131.4459806
17.4308888,78.4281653
13.1387124,123.7398436
35.5283506,-108.743907
43.8508235,-104.1932166
40.6496643,14.6122753
59.5727345,-139.5783124
47.6038321,-122.330062
35.1888448,-89.79089067
56.0090968,92.8725147
25.0363006,102.7086139
21.0792557,-101.5897695
48.8534951,2.3483915
51.5775626,-0.4278453
38.8035961,-76.9896573
30.3883202,-81.5302342
43.588912,10.476264
7.0648306,125.6080623
39.9622601,-83.0007065
51.46773895,-0.458780074
41.8755616,-87.6244212
62.213889,-144.128889
4.4466742,-75.2159368
42.2302979,9.1202731
52.4713975,13.1961032
11.8948389,8.5364136
53.1349614,-8.1611027
-35.3034277,149.1239425
52.28979145,104.2938324
-27.4264699,29.1637064
39.9622601,-83.0007065
51.6312684,136.121524
38.9950921,-1.8559154
54.1936805,-4.5591148
40.7968393,-76.4131097
10.60316215,-66.9966767
51.0037524,4.6290719
51.5484582,-0.3695247
-1.45056,-48.4682453
48.8562821,-64.2010241
-34.6075682,-58.4370894
36.0638034,120.3781372
24.8546842,67.0207055
-41.3209311,174.1356458
10.6000384,-66.9296405
46.55825725,77.71087007
55.50230535,-4.577596603
-39.2812032,175.5642887
53.4251794,-2.0258994
58.19838615,-136.6402128
-37.3875384,144.5757825
53.4071991,-2.99168
30,72.333333
45.4641943,9.1896346
25.0375198,121.5636796
22.3139519,114.3652149
47.6038321,-122.330062
38.69345485,-76.8843081
31.2025145,29.8739984
17.4308888,78.4281653
59.6440876,-151.5401477
40.8257072,-73.6958069
48.0493796,-53.40589453
3.805,-77.2
55.6934984,12.5985701
-28.170386,153.5304481
52.5170365,13.3888599
-40.8759634,175.065612
45.0805149,7.7670995
18.465299,-66.116666
41.0834917,14.3328059
-27.4455579,153.0071684
34.2595715,-118.6023247
22.7514511,75.9042799
47.6038321,-122.330062
54.599422,99.844017
40.1153966,-74.6412727
-28.8836757,-50.3580098
-1.31756525,-78.57661648
17.0174945,54.1010923
53.505571,-2.171537
-4.3217055,15.3125974
18.8099007,-97.2133776
41.139981,-104.820246
37.80855645,-25.47313739
38.8769326,-77.0893094
41.083064,-81.518485
22.5726459,88.3638953
32.7762719,-96.7968559
45.587131,4.9952268
38.1040864,-122.2566367
38.8950368,-77.0365427
24.85710585,67.77459385
18.8497366,-97.1060062
48.934231,2.499789
56.839104,60.60825
38.9950921,-1.8559154
10.9522168,122.5799456
56.0026997,2.81446728
44.9772995,-93.2654692
10.7763897,106.7011391
39.9207759,32.8540497
52.2007895,-0.7350026
9.3229035,-74.5696573
-1.9262626,-78.7297799
33.6956461,-78.8900409
40.857483,-74.06003621
26.1961051,50.4915963
26.0280409,50.55316821
26.0280409,50.55316821
-31.8889034,116.7691483
35.1799528,129.0752365
33.5945144,-7.6200284
34.49873475,-79.30793371
-15.7727359,-48.2441254
55.8602542,49.0726116
34.1391855,-118.2171579
43.1009031,-75.2326641
35.6892523,51.3896004
9.1257934,167.5740472
59.3809146,13.5027631
33.5945144,-7.6200284
51.4893335,-0.144055085
51.46773895,-0.458780074
50.202202,3.2304558
-7.2459717,112.7378266
-13.5170887,-71.9785356
-23.3112878,-51.1595023
-8.5066761,-35.3747339
9.3148173,-70.6081655
49.5003268,-119.593249
17.9892508,-66.6113421
-30.151389,30.061111
39.9527237,-75.1635262
6.71822975,-74.75288661
42.4966815,-96.4058782
22.2676649,114.2111196
9.2045175,-75.2761998
56.6370122,104.719221
-53.7856766,-67.7016369
53.4794892,-2.2451148
4.6529539,-74.0835643
24.5548262,-81.8020722
41.0799898,-85.1386015
44.841225,-0.5800364
-22.2294981,-50.8922333
33.4598415,-94.4154787
-22.9110137,-43.2093727
6.2443382,-75.573553
26.6492008,92.7852521
-10.9162061,-37.0774655
57.3913889,-135.5961111
16.2788129,-0.0412392
-17.4012458,-66.16756809
-42.8212941,147.4830623
48.8395577,1.1652725
-23.433162,-45.083415
37.6025883,-122.0214108
-23.5506507,-46.6333824
12.9767936,77.590082
-16.4955455,-68.1336229
20.261111,-97.166667
-30.54668625,29.41468318
47.51863195,-52.95699872
49.1494522,-124.0498441
45.7715343,3.083993421
30.0443879,31.2357257
22.5726459,88.3638953
47.3744489,8.5410422
16.87008545,-98.72220741
39.7392364,-104.984862
40.6639916,-74.2107006
35.6892523,51.3896004
22.5726459,88.3638953
-14.6622706,49.6517827
40.6639916,-74.2107006
-5.0610453,18.80874428
35.8110878,139.3286556
40.6639916,-74.2107006
21.1498134,79.0820556
6.27946975,13.34521568
-18.9188041,-48.2767837
43.7009358,7.2683912
10.2931062,123.9020773
50.1106444,8.6820917
55.625578,37.6063916
16.4119955,120.593371
40.7127281,-74.0060152
34.7269449,139.3945435
23.8312377,91.2823821
28.6273928,77.1716954
4.5986817,101.0900236
-23.5506507,-46.6333824
56,18
-22.9232017,-43.23534575
-16.3709459,-49.4772806
38.01165325,12.9813908
12.6457036,32.2338812
9.1875975,-77.87137226
21.8005,31.350737
35.21038255,-111.6066865
13.02085805,14.58018063
37.6786993,127.0406006
61.154512,-149.65229
45.1779987,-109.6893387
61.242416,-148.1972325
47.1301417,-119.278077
25.8143476,-80.1929369
33.5130695,36.3095814
35.6892523,51.3896004
54.596391,-5.9301829
47.5348778,-122.0432974
42.0368759,-111.3963177
39.3042403,9.2035381
51.6389858,-55.4289316
22.2921668,103.1798662
44.841225,-0.5800364
30.0443879,31.2357257
31.50392,-88.039788
24.8546842,67.0207055
41.9281305,-72.643631
48.1446647,-53.73042469
48.5452022,-58.5871146
37.5964872,-122.0789268
-15.9693064,-39.5316476
18.0069462,-76.7891799
26.18177245,91.66896722
47.3756578,-121.8684444
21.02826635,105.8485637
37.71402905,-122.3077942
28.6138954,77.2090057
54.3126572,-130.32549
38.6280278,-90.1910154
52.3730796,4.8924534
42.9474078,42.8914245
-23.5506507,-46.6333824
25.2311534,54.21900831
32.75988325,-117.1672283
46.8451007,-122.6562348
14.2217534,-88.5507877
21.095685,-89.577196
42.6511674,-73.754968
39.9207759,32.8540497
38.2542376,-85.759407
50.1106444,8.6820917
22.2921668,103.1798662
40.7127281,-74.0060152
-19.1824227,-64.9150438
56.0127926,-4.767447636
21.1498134,79.0820556
14.7612884,-90.9920691
13.4501257,144.757551
47.3744489,8.5410422
34.3508273,62.2164003
40.3443674,26.6845975
5.0668907,-75.5066661
50.0596288,14.44645927
33.804826,-118.168259
41.8933203,12.4829321
39.100105,-94.5781416
44.0011828,144.285091
62.13190395,-150.0465517
28.6138954,77.2090057
43.751281,-105.484825
1.30740895,103.8735862
-21.642737,149.2084967
25.6802019,-100.315258
21.0358135,105.84035
50.401515,-105.542908
-31.9402225,-70.6094581
22.580493,88.38951905
-40.9144636,175.0061963
-23.5506507,-46.6333824
16.068,108.212
51.0791366,1.1841744
38.72116535,-27.21763799
15.9266657,107.9650855
49.7219665,143.448533
52.6111406,-9.1109507
-22.9232017,-43.23534575
30.0443879,31.2357257
54.96781445,82.95159894
-36.924626,145.1708314
44.4688795,-71.1836547
48.1516988,17.1093063
40.7127281,-74.0060152
40.4416941,-79.9900861
55.4982802,-4.6113017
56.6370122,104.719221
61.154512,-149.65229
42.9832406,-81.243372
41.5910323,-93.6046655
21.1498134,79.0820556
35.0841034,-106.650985
-17.831773,31.045686
-24.5955306,-60.4289718
-14.8567487,-40.8414804
20.5533013,-104.7633816
4.2123039,-76.3188928
37.1968298,-93.2946576
21.48343645,-158.0364837
40.7300685,-73.2107266
-1.1674673,36.9355243
53.5462055,-113.491241
21.0792557,-101.5897695
17,-96.5
41.8755616,-87.6244212
37.70114,-92.16933029
27.1604122,84.9765794
34.1812089,-118.307201
30.7546405,20.2264077
48.2171331,16.3515022
40.1672117,-105.101928
36.09826775,-115.1641174
24.7851883,141.3241157
-1.45056,-48.4682453
32.7343442,-80.2417651
-23.5506507,-46.6333824
30.3321838,-81.655651
-42.91702,147.60205
52.5684809,-65.8779818
45.7578137,4.8320114
62.83980995,-66.74377377
36.3110625,37.8182191
35.0729732,72.8693976
26.61695705,92.76500717
52.1814012,0.2214248
18.1125305,74.92386542
14.9748271,102.0978493
40.4416941,-79.9900861
47.6038321,-122.330062
60.4286694,-150.3746846
-2.6344567,-56.7319324
51.4893335,-0.144055085
27.708317,85.3205817
45.40683715,-75.52745676
14.6424667,-90.5131361
35.8312861,-78.1453063
40.2203907,-74.0120817
11.8948389,8.5364136
36.097743,-112.0967621
53.1349614,-8.1611027
-33.1237585,-64.3489782
20.8545062,96.04948153
55.1994475,-162.7404782
31.9515694,35.9239625
36.7421089,-95.9528877
63.7757752,-171.7344628
53.7444582,-2.3935759
23.8312377,91.2823821
51.8771495,0.1779749
48.8534951,2.3483915
10.5060934,-66.9146008
1.1153385,-74.1056838
48.4538873,2.4778402
48.9468543,12.9852639
26.2966528,50.1202146
36.2659698,-95.8548557
11.4983864,-85.62553996
48.8534951,2.3483915
40.7127281,-74.0060152
48.0216921,-123.0057095
52.0727328,-1.375292
53.4794892,-2.2451148
-31.3314264,-54.1062808
36.7753606,3.0601882
-23.5435611,-45.06331321
20.9670759,-89.6237402
22.5240566,88.2710655
40.4733176,-3.5798446
28.6138954,77.2090057
55.75828565,37.60436886
47.5170476,9.505267395
50.7244402,-127.4976081
-10.60618815,142.2810533
34.8634166,-116.8880324
55.6867243,12.5700724
26.4073841,93.2551303
9.1110524,-70.4032724
41.6362152,-70.934205
-34.9058916,-56.1913095
19.3625308,73.08048927
33.8959203,35.47843
-30.0324999,-51.2303767
54.596391,-5.9301829
40.4167047,-3.7035825
51.27668225,6.824655493
55.625578,37.6063916
51.4538022,-2.5972985
50.6646446,-1.4303508
-43.530955,172.6364343
-34.6097193,-58.374119
8.1543261,123.842885
51.88696515,0.244192902
-34.6075682,-58.4370894
-1.45056,-48.4682453
-16.4446393,-67.7952933
-22.9110137,-43.2093727
33.9092802,-118.0849169
48.1371079,11.5753822
40.8213963,14.4261967
30.0443879,31.2357257
-16.8193984,-151.4483907
35.14726,-107.851446
27.7019771,85.3510111
25.7741728,-80.19362
33.2101155,-97.7547552
-0.2201641,-78.5123274
43.5250265,-84.1227598
-0.0934193,-78.4536119
28.6138954,77.2090057
48.2329542,2.626251
33.5352777,-7.7323353
39.3131621,-77.6281858
28.42826235,77.00270015
-22.9110137,-43.2093727
14.5906346,120.9799964
39.4562528,-77.9639604
63.5515028,154.014726
-23.15554055,-44.23448088
-25.4295963,-49.2712724
27.7385042,75.3292608
32.1288331,20.0817204
41.2727997,-70.0951867
51.4893335,-0.144055085
-7.2246743,-35.8771292
45.6657801,5.5524835
44.0374651,-116.7651123
-21.2589001,-63.4722606
41.4471008,12.6285618
20.76888495,-75.69373651
-16.4955455,-68.1336229
40,-40
40.5508527,-105.0668085
41.3123363,69.2787079
50.7641387,-1.7720991
-17.7875195,31.03198856
-22.9110137,-43.2093727
14.7654948,-91.1537162
36.463392,-82.196953
-14.8512298,-40.8396396
36.5832769,-118.7156531
48.6484138,44.38497559
40.63591975,17.68844336
30.048469,-99.1399464
43.1524574,-93.2017941
40.7757145,-73.87336399
51.1970901,-0.6943123
-33.4047256,-70.5575368
12.1544035,-86.2737642
26.35099815,94.96842254
39.8894922,4.2662071
31.5393701,-82.4623557
19.3715037,-99.2334352
38.3249599,43.6589825
40.2241115,-1.7433762
39.613432,2.882918453
39.3634413,-76.3710704
38.3505995,-81.6332812
-9.1388841,-78.1830024
12.6090157,-85.2936911
53.061025,-93.321991
29.3796532,47.9734174
24.8546842,67.0207055
40.9064873,-72.7434331
41.4015643,2.1746865
32.44645,-99.7475905
20.5320852,-97.4536355
-23.5506507,-46.6333824
52.04217505,-176.1021045
44.841225,-0.5800364
31.4634891,-96.0641283
2.8551775,-55.382238
55.75828565,37.60436886
34.9531295,-120.435857
37.9755648,23.7348324
48.4922701,-67.7436256
25.2834459,-89.9066163
33.8959203,35.47843
41.8755616,-87.6244212
55.3430696,-131.6466819
41.8933203,12.4829321
-22.9110137,-43.2093727
-2.9888243,104.7568507
28.4345031,93.2038913
31.2928312,18.04541084
37.3705777,-77.0605098
39.9207759,32.8540497
-17.4012458,-66.16756809
-22.9110137,-43.2093727
53.1349614,-8.1611027
3.3969142,-76.5501917
35.1851045,136.8998438
8.3344713,-75.6666238
13.7341305,-84.7789494
-31.7699736,-52.3410161
25.0375198,121.5636796
48.5452022,-58.5871146
4.6529539,-74.0835643
35.7333312,-81.3442915
1.5620529,30.2478844
13.75,24.5
-35.0788526,-69.5677277
33.7489924,-84.3902644
-21.642737,149.2084967
61.1725757,-148.2714198
-22.9110137,-43.2093727
27.2380913,51.1972348
14.6047043,120.9720489
55.6867243,12.5700724
41.8794989,-87.8136997
49.6597124,30.9903808
26.1927873,127.6612905
55.625578,37.6063916
42.3554334,-71.060511
42.7902166,10.34027868
41.3044817,-112.0905069
53.2175102,104.7605282
24.5548262,-81.8020722
41.6529143,-83.5378173
27.512726,83.453148
14.5906346,120.9799964
59.5583337,29.9866559
-5.90883,-44.302785
-34.4423682,-59.4475148
40.6057622,-74.0475535
48.33053215,11.72964879
10.2931062,123.9020773
63.1601789,21.8371083
41.436337,-74.032958
-6.9286105,107.6179438
35.3848841,-77.9927651
48.0493796,-53.40589453
-7.7702955,113.1713338
50.84529,4.3690517
-37.1981493,-73.5648656
22.2680289,114.2245463
1.357107,103.8194992
38.6442353,-9.2375766
30.0443879,31.2357257
4.0429408,9.706203
-34.6075682,-58.4370894
56.839104,60.60825
39.7392364,-104.984862
33.5945144,-7.6200284
52.72274555,174.1003202
47.4978918,19.0401609
58.88208225,5.356254245
-27.2312011,-52.0231024
53.1349614,-8.1611027
-12.9693056,28.6365894
41.8755616,-87.6244212
39.9207759,32.8540497
42.8121692,3.023138425
32.5863209,13.0241627
49.4464199,-2.6071366
-7.56052185,-35.01246083
37.61197965,-77.52187585
18.1173723,-65.98941491
-17.8567035,31.0601584
0.3389242,6.7313031
-22.9056391,-47.059564
-33.8698439,151.2082848
50.0012314,8.2762513
50.56999985,3.779346176
12.1544035,-86.2737642
39.9207759,32.8540497
57.2028038,-153.305651
-7.2459717,112.7378266
69,-28.5
-15.6946194,-67.39206985
5.28323705,-75.26002492
40.6039936,-73.8354124
4.0429408,9.706203
38.1157672,37.1847273
41.8933203,12.4829321
51.8736127,-176.6390321
28.0000272,2.9999825
20.0214637,-75.8294928
22.2764965,114.1688629
50.6034575,-1.2029
-20.3200917,-40.3376682
-1.2946974,36.8060237
55.7717431,37.6372753
48.7350308,2.4077003
42.6977028,23.3217359
40.6353118,17.9414463
31.5068587,74.2790328
21.304547,-157.855676
43.5854823,39.723109
48.8121301,3.0843818
27.7019771,85.3510111
-22.9110137,-43.2093727
7.0673313,-73.8525627
58.1564909,31.0934902
27.5035347,92.1044709
40,-40
48.3407795,-70.8797721
14.5906346,120.9799964
41.9281305,-72.643631
55.75828565,37.60436886
39.2673284,-76.7983067
-11.705617,-63.854835
48.9351403,2.4258354
-23.3864203,-45.6626797
-12.0621065,-77.0365256
40.7127281,-74.0060152
7.0673313,-73.8525627
34.1812089,-118.307201
52.2319581,21.0067249
26.360996,127.770163
-15.765044,-47.8323556
51.9244424,4.47775
42.0597203,9.1338008
-23.5506507,-46.6333824
41.1762016,-112.6023361
66.8982057,-162.5977621
39.100105,-94.5781416
39.9207759,32.8540497
37.7790262,-122.419906
61.6685237,50.8352024
42.3554334,-71.060511
37.9404648,58.3823487
43.9589882,12.3434623
55.448217,50.4763591
59.9133301,10.7389701
-23.5506507,-46.6333824
32.2692452,75.6528858
-28.2550598,-52.3966606
43.157285,-77.615214
52.28979145,104.2938324
-22.8217524,47.8307127
19.995933,100.6394476
-27.088141,-51.368101
60.734,-48.174
45.7578137,4.8320114
33.1024935,139.8076939
59.9372321,30.2046418
25.8143476,-80.1929369
-7.8998056,-34.8321349
47.3215135,8.1571142
42.6985304,2.8953121
40.7029134,-73.8006429
80.57916125,57.63684642
45.6401446,-73.8444056
39.6065073,-75.8330934
33.3149631,67.828989
30.0443879,31.2357257
34.0536909,-118.242766
-34.0954713,-59.0245097
38.3617004,33.9952069
29.61941755,-82.36011794
-22.0136831,-63.6781103
8.0047262,124.2854351
33.2393864,131.6096524
22.7641623,88.3776088
41.89053845,-87.63562947
4.6529539,-74.0835643
46.4085273,-105.840981
40.8213963,14.4261967
30,-170
9.561733,44.061803
26.2966528,50.1202146
64.6173758,-162.2604161
39.4453393,-83.8285375
37.7648021,-121.9544387
-23.7176303,-46.8492435
24.163162,120.6478282
35.9603948,-83.9210261
49.3028611,10.5722288
37.5385087,-77.43428
-22.3535326,-42.58707
9.0358287,38.7524127
45.6771866,23.9918417
32.792,-115.563051
37.014569,-103.8821312
36.1672559,-115.148516
56.2429224,12.8619375
41.8933203,12.4829321
-4.3217055,15.3125974
-5.8951672,-76.1046533
37.7994284,-122.4416326
42.3315509,-83.0466403
43.2363924,76.9457275
37.6922361,-97.3375448
25.7741728,-80.19362
55.7073817,49.01858422
13.6960365,123.0612123
44.7875966,-63.1485406
48.0493796,-53.40589453
61.8793428,68.6418156
35.882722,-5.5025577
47.6121709,-122.3026265
30.0443879,31.2357257
45.3429231,-79.00709015
37.7790262,-122.419906
39.100105,-94.5781416
53.5337592,-2.136859
30.0443879,31.2357257
51.583333,-122.25
18.34290815,-64.9188997
8.9714493,-79.5341802
41.8911044,-87.6060944
50.7344256,5.2095342
22.2793278,114.1628131
60.1671081,-150.8335915
8.1525979,35.5371154
16.7114291,-62.1750924
7.16698415,-73.1047294
14.7848508,120.5119395
51.4893335,-0.144055085
68.970665,33.07497
40.7596198,-111.886797
40.7596198,-111.886797
41.4266361,-73.6788272
28.2935785,-16.62144712
13.1388596,123.7343104
53.0199838,158.6471356
-2.9700595,104.7397568
4.4078098,-74.08606603
42.4662867,59.6437053
37.2473814,-1.7973403
18.547327,-72.3395928
53.0758196,8.8071646
35.47001165,139.8476879
34.0747444,74.8204443
28.6273928,77.1716954
65.1155035,57.1616254
55.625578,37.6063916
45.4655696,9.1797055
35.6809502,139.7785034
37.9755648,23.7348324
60.84946825,-146.8302269
30.0443879,31.2357257
-25.2800459,-57.6343814
40.3804237,49.8452375
-12.2383101,-75.7460249
50.138541,-71.27907782
12.8470382,120.7799198
-36.5412811,174.5506105
-33.9520354,-70.8335436
40.1885273,-104.9590472
30.3308401,71.247499
-37.6793374,-59.7937053
45.6771866,23.9918417
39.6159355,-86.0848063
28.0532615,-16.7334336
4.6529539,-74.0835643
-22.3845163,143.0364812
14.0221216,108.6942215
41.6808902,-69.95246477
33.8557071,132.7484527
35.0814647,-77.02890604
55.625578,37.6063916
4.6529539,-74.0835643
36.19924,37.1637253
1.4900578,124.8408708
14.1057433,-87.2040052
10.2880943,123.9722913
6.328034,-10.797788
24.8546842,67.0207055
40.1083912,-83.7524298
29.9759983,-90.0782127
-12.0664301,-76.96862915
37.5666791,126.9782914
24.3753438,4.3208436
35.22789255,33.32274855
8.1550421,125.1305726
40.7654301,-73.8174291
45.4208777,-75.6901106
21.5810088,39.1653612
53.3493795,-6.2605593
34.78184265,-77.38790808
41.6795186,-77.0638567
18.3,42.733333
22.3301046,114.1989525
10.6762836,122.9513786
52.5398428,13.4117863
51.0481925,-0.7233101
22.2793278,114.1628131
39.1014537,-84.5124602
43.07755515,-89.42339768
39.7392364,-104.984862
18.7882778,98.9858802
56.5048435,21.0070903
30.7152872,31.2470999
49.2608724,-123.113952
19.5908178,103.6609889
16.2500695,-61.5639255
38.6280278,-90.1910154
55.75828565,37.60436886
51.46773895,-0.458780074
15.4399678,107.7898857
33.898917,-118.171005
22.7514511,75.9042799
22.5726459,88.3638953
43.3224219,-1.9838889
38.1114322,-91.7604389
51.4893335,-0.144055085
-12.6296415,-39.0273613
-36.08257665,-71.96346183
45.4655696,9.1797055
43.0349931,-87.922497
49.3676719,11.660786
38.3505995,-81.6332812
33.894927,-118.226624
41.9823535,27.4929211
40.7654301,-73.8174291
8.9630807,-83.5238182
-8.1648652,-70.3539579
43.703622,-72.288666
37.71493055,-122.4275526
33.7494951,-117.8732213
16.50019585,105.7155946
59.7837275,-154.1414344
70.2450108,-148.397837
41.7746685,-76.5264613
31.8658887,-116.602983
61.25328165,-149.8081736
41.8755616,-87.6244212
-20.3111814,118.5801181
61.0684293,-151.1409141
34.18578455,-118.5163726
16.4629145,107.5883231
34.18578455,-118.5163726
22.9912348,120.184982
18.465299,-66.116666
26.0745309,-97.160961
63.8160315,-152.3771035
10.6498095,-71.6443596
29.9759983,-90.0782127
49.6600228,19.5579106
50.2109579,-66.3790642
-4.3217055,15.3125974
22.9372087,89.2852741
4.90037595,-1.759482686
39.9009472,-74.8234961
38.1035389,15.6397556
42.5240807,72.0832124
33.0272082,-83.91121475
40.7127281,-74.0060152
21.970833,-159.715
34.7845635,5.812435334
39.3642852,-74.4229351
48.247669,34.297642
5.4624508,6.1474935
-0.7326786,-80.41990565
55.625578,37.6063916
51.131943,93.715744
41.6997139,-93.0538852
-0.2201641,-78.5123274
-23.2860116,-51.12359448
50.023071,-125.244153
19.4326296,-99.1331785
-16.4446393,-67.7952933
5.4624508,6.1474935
19.5000383,107.364437
60.9391866,76.55117871
48.477473,-81.330414
12.2431693,109.1898675
59.3251172,18.0710935
-13.83077365,-172.0082961
28.5558548,77.2488354
41.4996574,-81.6936772
46.5,23.2
41.0508886,-72.94798982
-2.9814344,23.8222636
47.3744489,8.5410422
46.4978958,9.8392428
36.9899107,-112.9765425
54.96781445,82.95159894
33.5945144,-7.6200284
47.8507859,35.1182867
14.5906346,120.9799964
44.0015511,11.9045338
38.05586225,-122.5184047
2.0349312,45.3419183
8.2281556,124.2411508
45.552789,-84.783936
33.892176,-84.2988296
32.896672,13.1777923
11.5895171,122.7500577
43.6534817,-79.3839347
40,-40
35.6840574,139.7744912
36.09826775,-115.1641174
33.6938118,73.0651511
25.0375198,121.5636796
51.54499055,3.689988466
40.7127281,-74.0060152
25.02778,121.4689366
40.8728411,-78.724196
40.0301105,-74.6201691
16.2408636,-61.5334077
61.1758781,-149.1107333
23.7644025,90.389015
28.6273928,77.1716954
18.34290815,-64.9188997
36.6981025,3.0951001
40.518157,-74.4113926
47.3744489,8.5410422
8.5816963,-71.1658075
26.1805978,91.753943
34.065846,-117.6484304
14.8645114,120.490254
42.9956397,-71.4547891
14.6424667,-90.5131361
-33.4377756,-70.6504502
37.270973,-79.9414313
34.14012225,-117.9806671
41.3082138,-72.9250518
30,-170
40.100569,-123.796139
43.4519831,142.8197834
14.5906346,120.9799964
52.28979145,104.2938324
37.7790262,-122.419906
44.3169922,-69.7734278
55.6934984,12.5985701
42.18,23.58535
-9.0659556,-68.6571058
55.625578,37.6063916
36.9899107,-112.9765425
2.1131213,-74.7697347
40.6938609,-89.5891008
40.726519,-75.3934911
51.530018,46.034683
35.7803977,-78.6390989
9.8415861,77.3849422
42.6977028,23.3217359
20.5533518,102.6061996
42.6511674,-73.754968
-22.9026657,-43.0995012
40.7127281,-74.0060152
9.0358287,38.7524127
8.0018709,-66.1109318
54.9417552,20.1550863
-12.3506867,13.5464318
-7.6307956,-72.6703869
29.4066079,-90.7005025
32.7449468,-97.3249653
-33.4377756,-70.6504502
28.5558548,77.2488354
18.011564,-66.613958
44.2613967,-88.4069744
37.7790262,-122.419906
4.11145945,-73.49678363
28.5558548,77.2488354
6.235794,-62.852937
-5.52259305,142.0870905
-14.8349438,-64.9044936
12.610368,37.466766
38.5810606,-121.493895
10.6314754,104.132637
37.9387092,23.6496559
-19.48577845,169.3345014
40.917126,16.254774
36.8100425,-87.1541675
55.75828565,37.60436886
28.2935785,-16.62144712
33.6313371,73.0732419
41.7854316,-87.75084869
41.8755616,-87.6244212
59.8545801,10.4450346
25.3870275,-80.88026317
18.465299,-66.116666
53.5462055,-113.491241
58.014965,56.246723
11.8948389,8.5364136
35.22789255,33.32274855
29.6993748,-91.20677
8.3145327,-81.2322557
59.9372321,30.2046418
50.39957975,80.24631762
55.8051354,37.5107086
17.360589,78.4740613
34.75,67.25
11.1942275,105.7973275
28.5558548,77.2488354
-2.5295265,-44.2963942
49.0323168,2.4733628
-22.9110137,-43.2093727
31.9515694,35.9239625
38.6280278,-90.1910154
21.304547,-157.855676
42.36317665,-71.01364006
14.4759223,121.0302795
5.3356662,-72.3936931
4.6529539,-74.0835643
55.0609607,-162.3184061
31.7606732,-93.0860209
36.4250721,-93.9293655
-4.292912,-55.960461
63.5515028,154.014726
-22.81690235,-43.12722011
4.11145945,-73.49678363
42.3554334,-71.060511
55.8051354,37.5107086
41.8933203,12.4829321
-29.861825,31.009909
40.3267407,-78.9219698
-16.3111834,-67.9093054
48.4421119,22.7185408
-16.4955455,-68.1336229
38.23166,27.02997
-14.2754786,-170.7048298
23.80569015,-166.229642
39.2908816,-76.610759
-15.4100326,-65.3564919
21.0358135,105.84035
37.363679,-118.39524
35.6892523,51.3896004
-21.16636,27.502515
-8.5509257,115.1245797
29.3872254,-94.992736
-1.33191575,-78.26252854
49.453872,11.077298
39.7990175,-89.6439575
62.8030269,-92.0868012
5.567498,-73.8953734
69.3669444,-152.1441667
4.6529539,-74.0835643
3.4520339,-76.5329352
11.0205596,-63.90739843
35.17816175,-80.88379502
13.4145513,121.179543
37.2695661,-107.010816
14.5906346,120.9799964
-1.2946974,36.8060237
8.9,36.93333
41.3828939,2.1774322
56.6370122,104.719221
39.7675529,64.4231326
9.7422774,-63.1888854
45.6771866,23.9918417
17.22081485,-89.61701649
33.9708782,-118.030839
20.3707439,103.8291567
41.0091982,28.9662187
18.4801972,-69.942111
29.7589382,-95.3676974
14.5906346,120.9799964
35.48864435,24.15217313
64.837845,-147.716675
6.2443382,-75.573553
-23.53322775,-46.66720799
13.0161778,24.8516253
47.5997653,-122.3178152
14.5906346,120.9799964
-26.862692,-52.9901317
40.6429479,-73.77937337
41.6529143,-83.5378173
4.6529539,-74.0835643
25.0375198,121.5636796
39.7392364,-104.984862
54.443378,113.590469
63.7757752,-171.7344628
11.6099428,37.3776192
-2.9700595,104.7397568
33.90026325,35.48464639
11.0101922,-74.82317941
58.5609587,31.28090059
-16.8777892,145.7515495
25.2834459,-89.9066163
15.9787884,-89.5613336
42.6977028,23.3217359
51.8400523,-0.097855192
39.9170921,-105.5017521
61.1758781,-149.1107333
55.625578,37.6063916
10.2880943,123.9722913
31.3135175,121.4857295
-27.0922364,-52.6166878
34.1866193,-118.4486675
56.6370122,104.719221
17.7289564,-64.75901598
45.7973912,24.1519202
41.7195577,-72.2061332
59.3176195,-155.8708649
55.3430696,-131.6466819
-38.3695057,-69.832275
25.2834459,-89.9066163
18.34290815,-64.9188997
13.4773442,144.7521907
5.9669203,116.0939455
0.0611715,32.4698564
10.7763897,106.7011391
58.1258333,-134.7530556
38.7669312,-27.1031772
-1.2832533,36.8172449
-17.333333,-61.5
22.7514511,75.9042799
-3.3187496,114.5925828
26.0745309,-97.160961
40.3007259,21.7883119
55.625578,37.6063916
39.1765386,-74.8012119
56.7810026,105.7460255
50.4507554,30.5156729
61.1758781,-149.1107333
54.5172715,-128.599548
59.3834721,17.8540246
48.1516988,17.1093063
44.2107377,43.134969
13.524834,2.109823
28.2935785,-16.62144712
33.9583581,-84.7892192
14.6424667,-90.5131361
40.7127281,-74.0060152
23.135305,-82.3589631
-5.805398,-35.2080905
-31.43999035,-57.98680834
38.6280278,-90.1910154
7.91667,40.03333
56.6015917,115.4158334
34.1591324,-118.5016166
9.9325427,-84.0795782
19.6472213,-155.9966428
22.4169238,114.2140919
60.0321758,-153.091521
59.5727345,-139.5783124
44.4361414,26.1027202
3.1516964,101.6942371
12.86924,121.1344851
16.6835469,-92.61551842
41.8933203,12.4829321
29.87583345,-92.12879458
28.9209147,-13.6704952
37.970495,-87.5715641
18.1215622,-65.45746403
-2.8974072,-79.0041726
-6.6567654,-69.866161
46.2804298,-119.275205
49.5107477,-115.7672772
34.595887,-120.139071
33.94216755,-118.4213591
11.8948389,8.5364136
33.9396015,-117.2540482
29.4150457,-95.1137941
18.34290815,-64.9188997
4.6529539,-74.0835643
30.421309,-87.2169149
54.404776,32.4407898
47.573331,-52.73331769
43.6534817,-79.3839347
36.1672559,-115.148516
9.5170602,-13.6998434
49.2903749,-123.1292813
56.2045673,-132.0432552
60.7730556,-148.6838889
14.5008116,120.9915327
32.7174202,-117.1627728
20.8596456,95.1464966
-33.4377756,-70.6504502
56.839104,60.60825
60.5544444,-151.258333
7.1433611,79.8695683
55.2080556,-132.826666
44.7648702,9.1733419
17.360589,78.4740613
45.5202471,-122.674194
55.1085089,33.1952333
31.385726,-2.011595848
44.3511408,2.5728493
39.2806451,-80.3445341
30.3674198,-89.0928155
40.190632,116.412144
55.75828565,37.60436886
-8.8272699,13.2439512
40.735657,-74.1723667
70.1831824,-146.8563082
41.9864299,-87.8369166
44.104831,-69.1092025
41.6534847,-70.2823732
-16.6257985,178.477433
61.1758781,-149.1107333
33.8959203,35.47843
17.7289564,-64.75901598
40.7985464,-81.3749508
8.86801065,76.67380152
25.0560118,121.5484102
37.1641544,-120.7678602
49.50160625,-123.7604816
37.9755648,23.7348324
39.0836224,-84.508371
60.7145488,114.9172123
19.4326296,-99.1331785
41.89053845,-87.63562947
60.0391461,43.1215213
40.6966132,-111.967438
12.53759785,-81.7204155
68.7427218,161.3324435
-14.720714,-68.42004346
39.9207759,32.8540497
-9.1951517,147.6227468
19.1399952,-72.3570972
66.8880556,-157.1363889
20.8596456,95.1464966
20.3477869,-74.4968647
29.2504529,-90.2108072
-33.8698439,151.2082848
14.5906346,120.9799964
29.7589382,-95.3676974
-27.5973002,-48.5496098
56.0090968,92.8725147
28.2935785,-16.62144712
13.9146287,100.5979825
41.5595723,-98.9805484
29.5957696,-90.7195348
20.9127045,-17.0503094
24.638916,46.7160104
-6.30446025,106.8225384
6.503312,-74.3521799
26.5331996,-78.6952236
-2.9493766,25.9184499
37.5666791,126.9782914
6.29437795,-75.54975027
31.4227654,-103.4977375
-6.8160837,39.2803583
25.3336984,51.2295295
47.6571934,-117.42351
59.9372321,30.2046418
41.0339862,-73.7629097
33.34221,-118.3272612
-1.45056,-48.4682453
54.4710926,17.1160575
-17.7338959,-63.1871116
39.1014537,-84.5124602
40.385549,-105.0443613
0.5262455,101.4515727
67.654907,134.635071
-34.8629805,-57.3279806
30.0443879,31.2357257
53.4107168,109.0311228
52.6600671,-1.3863515
40.1788672,44.5145375
2.0349312,45.3419183
-18.9249604,46.4416422
1.5370737,-70.2054609
28.5000001,-106.0000001
3.5972827,-74.6768611
53.7403584,127.2716246
5.7812701,-73.1176532
52.3287909,35.376691
36.2448129,-115.0568076
35.6892523,51.3896004
42.8501191,-106.325138
51.66277225,4.525592263
47.582996,12.1692134
18.34290815,-64.9188997
5.4758844,10.4217852
69.3498394,88.200517
26.4623007,87.281617
13.90904385,-60.97792414
21.304547,-157.855676
4.5845101,114.1932373
38.8950368,-77.0365427
42.36317665,-71.01364006
44.1767161,28.6507598
17.4308888,78.4281653
35.6840574,139.7744912
10.690556,-72.880278
41.8239891,-71.4128343
71.0389923,27.8517589
28.810823,-81.8778582
-5.24672045,105.1820592
9.8762687,102.0690895
35.270085,-91.6398575
-45,-15
-10.3333333,-53.2
-21.7373768,-48.6880522
18.9733536,72.82810492
-7.2561523,108.0760925
55.75828565,37.60436886
29.9942265,-90.2417806
6.0536561,121.0002644
34.4888822,-118.6228656
-37.0528171,175.9374645
21.371757,93.973654
-9.9765362,-67.8220778
36.7010551,-4.6965495
49.6112768,6.129799
24.1108543,120.6161795
-14.9195617,13.4897509
4.33002875,-73.84979608
34.1391855,-118.2171579
-29.902631,-71.2520253
47.2216548,39.7096061
23.1301964,113.2592945
46.3580221,-94.2008288
42.3315509,-83.0466403
39.9207759,32.8540497
35.0525759,-78.878292
10.0774374,-69.3222293
40.735657,-74.1723667
66.6023978,-160.0113003
47.3079286,39.6433401
34.1664995,132.2191163
-2.1900563,-79.8868741
30.3321838,-81.655651
54.675396,61.256271
4.0640689,117.9184516
22.05046655,-159.5587678
36.1672559,-115.148516
11.7614835,-12.0118889
50.6323125,-96.9881076
36.097743,-112.0967621
25.238704,110.1750728
-21.207992,-50.4390225
38.0803286,-89.3820321
40.1701367,-74.8851959
-14.9195617,13.4897509
40.45736975,-3.561855513
6.29437795,-75.54975027
64.902481,45.767242
31.9515694,35.9239625
61.96095135,76.67974779
38.6280278,-90.1910154
42.6977028,23.3217359
-17.4012458,-66.16756809
56.866557,53.2094166
39.4667025,-87.4139119
40.6429479,-73.77937337
11.0101922,-74.82317941
-14.8582125,-66.7474736
-5.5269279,-47.478115
39.8445959,-79.6198732
41.9281305,-72.643631
39.83459155,-74.08782447
6.9086874,125.2700317
-14.24198965,-169.4645991
18.1215622,-65.45746403
26.2452915,68.4040229
23.7644025,90.389015
35.1888448,-89.79089067
35.3540209,-120.375716
4.0429408,9.706203
50.6668184,17.9236408
-0.2201641,-78.5123274
65.1851519,-123.420944
48.42262855,-53.84436255
34.531964,69.2022711
6.9086874,125.2700317
-6.4947245,-77.5236429
30.3321838,-81.655651
-16.4446393,-67.7952933
39.1134562,-94.626497
36.6507007,117.1140042
23.135305,-82.3589631
36.3644667,-105.7652927
39.5261206,-119.8126581
60.4847228,-151.065349
16.7719091,-3.0087272
31.2012636,-97.70842502
-25.1076701,-64.3494964
7.7778464,98.2896952
32.3140354,-106.779807
-15.2740541,-63.0110171
65.5756356,-37.1869257
10.395075,-71.4414049
36.1622767,-86.7742984
37.9755648,23.7348324
-11.2535587,-57.5080072
-4.20825605,-69.93929337
32.7449468,-97.3249653
0.65,121.8604
12.833333,44.916667
53.4794892,-2.2451148
44.0972546,-70.2254085
39.122939,-121.3800797
43.0349931,-87.922497
33.7680065,66.2385139
33.3245628,-84.0357465
-14.8567487,-40.8414804
40.5434007,-79.1622566
27.3097462,97.4173317
31.2237285,-85.3934375
35.859653,14.4892913
48.9592291,-54.6187879
33.5087256,-94.616319
43.8728443,-93.3010744
-23.5506507,-46.6333824
17.0939293,-100.1256489
-4.4283572,26.6700323
45.0176181,-83.6670019
48.42262855,-53.84436255
4.3635118,18.5835913
19.89014525,-100.4532732
37.96662915,23.76178615
13.6989939,-89.1914249
25.02778,121.4689366
6.9388614,79.8542005
11.8145966,42.8453061
-18.9100122,47.5255809
55.61721955,-6.145144112
36.097743,-112.0967621
-25.966213,32.56745
9.5200246,31.6597225
33.4254259,-94.0430937
33.8644291,-118.0539323
24.8546842,67.0207055
36.8657651,-87.4889532
1.4900578,124.8408708
29.4246002,-98.4951405
29.6060218,52.5378041
55.4454258,78.3222294
40.7896239,-73.9598939
33.98994845,71.47700475
51.3454517,12.3794056
36.594814,102.8130895
30.916667,41.5
5.320357,-4.016107
40.7596198,-111.886797
41.3123363,69.2787079
42.3315509,-83.0466403
43.1835124,77.7341134
47.6571934,-117.42351
3.5631032,98.67466432
39.1134562,-94.626497
34.2257282,-77.9447107
9.5200246,31.6597225
18.2011161,-67.1391124
52.2319581,21.0067249
51.4648142,-90.1925284
-17.333333,-61.5
-3.9746136,137.6404363
33.4014634,69.8912294
20.7187712,96.8269218
46.2017559,6.1466014
19.4326296,-99.1331785
-22.4623917,-68.9272181
42.2222614,-83.3965995
-4.5658733,-50.2776717
36.8707187,68.7563528
25.702096,32.647186
8.4806394,-73.3667919
45.8992118,9.2832264
50.561797,136.9995057
39.7683331,-86.1583502
39.7392364,-104.984862
59.6440876,-151.5401477
35.3540209,-120.375716
-12.0664301,-76.96862915
8.3045973,124.2762167
44.841225,-0.5800364
29.3868408,-91.3835185
-37.0528171,175.9374645
38.23166,27.02997
-15.4876389,-67.4033235
37.2255593,-107.598112
22.6616764,121.492596
8.559559,-81.1308434
35.7882893,-78.7812081
61.254032,73.3964
30.0443879,31.2357257
20.8029568,-156.3106833
29.9759983,-90.0782127
9.9899584,-83.03033699
52.3744779,9.7385532
-27.4035083,-55.94971181
3.9675944,-73.0427188
47.7286566,7.4164754
11.0101922,-74.82317941
29.3791112,-90.2600787
42.6977028,23.3217359
46.1861683,34.816741
29.394644,71.6638747
56.6370122,104.719221
20.9670759,-89.6237402
22.3231377,114.2141235
32.7762719,-96.7968559
25.6046501,-107.5991106
13.7524938,100.4935089
0.12662655,-76.75759127
11.5949663,37.3882251
-22.8384835,-42.1031604
36.229963,111.381767
41.8933203,12.4829321
23.16040095,72.54251108
26.1805978,91.753943
-15.4932314,-70.1356177
62.731342,22.5797719
46.3400296,2.6073963
58.596329,99.182915
25.2311431,-11.5810134
33.7680065,66.2385139
55.1218578,-3.355237
52.68491375,-1.184765309
16.7967129,96.1609916
43.2961743,5.3699525
36.97262155,-25.1026495
3.1134258,101.6824948
21.304547,-157.855676
-12.0621065,-77.0365256
49.785698,-92.835846
40.4258686,-86.9080655
36.0189315,129.3429384
-23.4675941,-46.5277704
44.9185137,5.1844674
10.99773435,-74.79114784
57.2632811,16.4443478
4.2634682,-75.14092267
52.5170365,13.3888599
31.0277779,61.4948211
22.6203348,120.3120375
3.8689867,11.5213344
34.1652304,-84.7997613
39.1626298,-76.6250756
42.4966815,-96.4058782
14.5906346,120.9799964
32.896672,13.1777923
-36.5412811,174.5506105
37.72461615,26.81929189
31.0254635,-89.0367166
6.1277145,102.2358032
36.1871083,73.76476305
23.11341755,-82.39840225
56.47972835,9.566561118
36.7413624,-88.6352595
64.837845,-147.716675
40.7757145,-73.87336399
54.5172715,-128.599548
35.9525161,-112.1452036
45.3828,35.7657
43.4935991,-81.0164111
32.7120883,-94.1212966
39.8726184,-74.2951444
-13.1424738,-74.0814568
47.3079286,39.6433401
6.328034,-10.797788
11.2448034,-72.51609707
37.5666791,126.9782914
4.6529539,-74.0835643
10.2456598,-66.8586608
41.18957715,-71.56790007
38.5392883,-76.748577
46.2306739,-119.0921
-44.61901895,167.8687603
-33.6212389,-70.7060747
40.8823207,-73.5059562
48.2934284,96.4479958
44.4761601,-73.212906
44.69282,-73.45562
-22.3218102,-49.0705863
12.973835,77.547621
39.7392364,-104.984862
14.4834187,-88.8973324
20.0214637,-75.8294928
34.5260109,69.1776838
14.7848508,120.5119395
51.4568334,-0.081726
14.6424667,-90.5131361
16.753801,-93.115959
14.5906346,120.9799964
14.5906346,120.9799964
51.833333,-1.25
42.6727927,-88.5445447
64.3276089,-158.7254198
51.6389858,-55.4289316
56.74457635,60.80279017
35.3540209,-120.375716
23.1301964,113.2592945
28.45077,-80.52662
20.0214637,-75.8294928
47.4007479,8.956141
6.29437795,-75.54975027
9.5285113,99.9347221
44.2729763,11.71798529
42.2222614,-83.3965995
-1.2832533,36.8172449
-3.7109609,102.525086
33.94216755,-118.4213591
41.4996574,-81.6936772
-54.935761,-67.6061824
-11.8981934,22.9061022
10.2274108,-69.4842128
32.7174202,-117.1627728
-9.535332,16.9364293
28.0761026,48.61357487
33.0495163,-116.3014456
42,64
12.973835,77.547621
56.9281503,-126.8875119
39.8573144,-77.6952703
31.1499528,-81.4914894
-1.0074826,121.4798411
34.3239414,47.0735891
-8.8272699,13.2439512
5.3356662,-72.3936931
-5.2883902,-76.292099
33.5206824,-86.8024326
21.5810088,39.1653612
-21.2368312,-159.7774744
24.7991162,93.9364419
55.3430696,-131.6466819
44.0307442,-123.5853932
-2.5389113,112.949389
3.977604,115.0689841
71.9819205,102.4714765
-9.59842095,160.1485117
-6.30446025,106.8225384
38.1040864,-122.2566367
-0.9160201,113.5526778
-8.0584933,-34.8848193
38.5435526,-121.739005
-17.445439,35.029225
-22.8057839,-45.1908926
49.4093582,8.694724
59.3251172,18.0710935
25.181234,121.688687
-14.0691776,-42.4852428
37.970495,-87.5715641
41.6529143,-83.5378173
-14,-65
-2.8547763,15.5517729
40.7757145,-73.87336399
37.9755648,23.7348324
-1.2832533,36.8172449
33.794701,-117.2238455
20.7076743,-156.2575841
35.0206133,50.3584834
7.960166,-77.9327921
18.2011161,-67.1391124
-29.5139742,-51.9917068
60.7922222,-161.755833
41.6934591,44.8014495
41.961308,21.292864
40.6429479,-73.77937337
27.7019771,85.3510111
32.0615513,118.7915619
-17.5429363,-64.7991084
33.0479902,-109.4410421
50.6323125,-96.9881076
-14.6902435,16.0305922
-7.6842476,-76.3153378
56.055065,159.868439
20.7573988,-155.9879846
4.6529539,-74.0835643
27.7019771,85.3510111
52.3730796,4.8924534
39.6267975,-78.2279514
2.0349312,45.3419183
-7.08423225,107.9150076
52.033409,113.500893
19.13171,72.835117
19.4060961,-102.0343072
-1.6665685,29.225652
33.096874,-83.247744
32.896672,13.1777923
41.2230048,-111.9738429
48.8534951,2.3483915
-7.2459717,112.7378266
54.4166451,-3.5104538
0.1498584,102.8197858
4.6529539,-74.0835643
41.9961816,21.4319213
61.1758781,-149.1107333
42.2975404,-90.6875607
24.786306,84.41448983
-18.1415884,178.4421662
6.29437795,-75.54975027
5.3356662,-72.3936931
-5.2804449,141.5412334
-3.360285,135.5023653
41.7273476,44.763146
33.3967079,-86.1597137
38.4852037,106.2261926
34.5734106,126.5989275
3.2108548,101.7491679
27.8104986,84.36710139
52.2319581,21.0067249
43.0033629,41.0192741
43.0033629,41.0192741
42.7026025,43.6319258
-43.47573685,170.198137
27.9511188,116.3530413
53.061025,-93.321991
43.419754,87.319461
47.427155,-92.937689
15.7210458,105.7521375
40.78031085,43.8405281
39.9622601,-83.0007065
43.4769604,43.5966578
52.7965611,-0.671794756
40.7127281,-74.0060152
28.6138954,77.2090057
24.5548262,-81.8020722
47.6571934,-117.42351
-12.6386641,141.8710861
40.7279826,-115.478392
52.3730796,4.8924534
-1.2422413,-78.6287594
-1.950851,30.061507
30.9753747,41.0392046
-0.3316049,111.7370026
-30.334214,-54.3227149
9.8330548,-73.7885558
34.2536566,108.9386562
-0.9578676,119.7496049
38.8941543,-77.4311513
5.320357,-4.016107
43.629978,1.360809881
35.2272086,-80.8430827
22.2029937,-159.4956949
9.3553005,-79.8974085
0.7884397,116.2419977
57.79,-152.4072222
33.4887737,126.4987083
60.2036369,-154.3171268
39.9545613,-74.3784815
51.62226405,-127.7778121
24.3753438,4.3208436
22.3231377,114.2141235
-20.2308712,-58.1690716
1.2523268,-70.2308883
67.654907,134.635071
41.151458,-87.28566215
36.0041223,-120.1290272
-5.6816069,144.2489081
38.7566055,-90.42352
-37.0528171,175.9374645
35.824341,-78.8300321
-12.3506867,13.5464318
-5.52259305,142.0870905
52.4081812,-1.510477
36.7014097,3.229330465
32.6707877,51.6650002
10.4266746,-75.5443419
34.0536909,-118.242766
27.708317,85.3205817
48.9351403,2.4258354
39.100105,-94.5781416
59.2980727,162.5332116
6.4550575,3.3941795
49.3358934,-94.08882318
-0.2201641,-78.5123274
5.380295,-74.1138612
53.90932425,-1.665994989
5.1514125,-73.17051515
48.7081906,44.5153353
6.4550575,3.3941795
18.4272786,-68.9734597
-6.1159886,141.2981755
-2.1138854,133.5287755
-26.205,28.049722
36.8997989,-113.9359348
43.6534817,-79.3839347
34.430195,70.460128
6.8411225,79.8657617
4.2435206,117.885331
61.1758781,-149.1107333
50.023071,-125.244153
4.7264,96.5919
41.9412081,-72.7273158
10.3825318,7.8533226
40.3755885,49.8328009
45.3875069,10.8722737
-4.3217055,15.3125974
-25.2800459,-57.6343814
34.5058698,-109.360932
18.547327,-72.3395928
-16,-72.25
42.9744533,17.0218077
41.139981,-104.820246
24.71218845,-105.9178697
25.7227736,-80.24431585
60.1767985,-1.265488908
37.2793607,49.5846102
33.6251241,130.6180016
31.2312707,121.4700152
30.421309,-87.2169149
-5.52259305,142.0870905
61.785,-161.3202778
63.5885692,-71.92275488
53.23227915,5.185228652
-7.2919121,18.9582005
-8.4405395,20.7320763
45.2264672,7.6571645
-1.0321138,-80.8223685
61.8793428,68.6418156
-23.5506507,-46.6333824
6.4550575,3.3941795
48.7842759,-0.5521714
39.9356016,-91.4098727
53.72068,91.4406019
6.2443382,-75.573553
-3.3187496,114.5925828
43.6166163,-116.200886
56.8596713,35.89524162
6.1884654,-75.3528156
37.3315103,-80.8111867
43.7565057,-71.9490529
61.09604365,-155.5746051
9.2089255,12.4802485
12.6187699,-15.9944823
33.0632096,35.2511755
-4.5658733,-50.2776717
14.6424667,-90.5131361
-8.4195244,20.7410918
44.22538305,42.06819663
14.1057433,-87.2040052
33.2467807,-84.2640904
-4.27250705,15.28303991
-2.7422808,107.6544753
29.7210903,118.6444046
45.7630435,106.2704145
19.1974807,72.8004805
-23.5427842,-46.3108391
-6.9215529,107.6110212
4.9795999,8.3373597
43.7698712,11.2555757
13.4773442,144.7521907
25.7741728,-80.19362
11.568271,104.9224426
3.355789,98.5751592
-32.9803448,-58.0569456
25.0375198,121.5636796
34.4305303,70.4612956
52.3533582,104.2191538
52.0196462,-95.4547602
25.2311534,54.21900831
40.26721855,22.59797048
-2.9700595,104.7397568
38.3279631,23.536722
9.4510462,-78.8327783
49.1922443,16.6113382
16.7719058,96.16751965
38.72116535,-27.21763799
25.0375198,121.5636796
-4.05052,39.667169
10.6762836,122.9513786
-5,-80.333333
-3.37546155,-76.63961612
35.0768141,-80.6692352
45.5031824,-73.5698065
19.7123329,-155.1240924
-31.4166867,-64.1834193
15.3389667,38.9326763
19.0302938,-97.2698143
41.3828939,2.1774322
9.9674277,76.2454436
54.9944853,-129.9558154
-9.6589303,20.3981118
-46.7182225,168.3598771
-25.7459277,28.1879101
-0.2201641,-78.5123274
-11.8775768,17.5691241
60.2036369,-154.3171268
33.6938118,73.0651511
14.9162811,-23.5095095
40.1777112,44.5126233
0.42063245,29.93691504
38.9344805,-76.5575862
49.2118373,-68.1801406
10.1164451,99.8443779
-9.6589303,20.3981118
6.2443382,-75.573553
-12.6338161,16.0461491
50.963605,6.1199802
48.84438285,-123.2875518
-10.0501856,143.0692813
11.6038399,-83.56138138
-8.8272699,13.2439512
-5.4519975,150.4071418
27.7809047,120.6512652
44.40726,8.9338624
28.6138954,77.2090057
55.8852051,-60.8961284
-21.1776315,-47.8100983
-17.7362876,168.3396648
1.5574127,110.3439862
34.7465071,-92.2896267
11.9985507,120.2051611
58.3019496,-134.419734
-6.0730028,145.3932891
-9.1472811,18.0431019
20.15,92.9
4.11145945,-73.49678363
27.7019771,85.3510111
19.292545,-99.6569007
35.6840574,139.7744912
-18.1119448,178.406061
22.2793278,114.1628131
23.9913421,121.6197276
41.5544131,61.0002405
-34.6075682,-58.4370894
27.7019771,85.3510111
41.9793006,2.8199439
44.4361414,26.1027202
24.2480354,-99.4382079
26.2966528,50.1202146
9.6631589,-68.5869647
45.4649805,-98.487813
55.625578,37.6063916
29.3796532,47.9734174
38.64453055,-28.05279403
14.6424667,-90.5131361
51.85399545,0.195568634
10.1740211,-68.2578551
9.0643305,7.4892974
47.4812949,8.4858049
9.9325427,-84.0795782
5.2969407,-3.9569329
35.6892523,51.3896004
38.5810606,-121.493895
55.625578,37.6063916
60.97688295,-101.3992999
6.9782078,79.8746542
-12.6076318,15.7411039
8.03657275,80.47875149
30.7743596,-85.2268735
7.04530235,125.7501162
-7.715167,29.7698062
-7.6572063,147.0944802
45.72442685,5.086515135
6.21936315,-60.14540863
21.0906562,-157.0208344
-1.554004,13.220574
14.7848508,120.5119395
-32.9964155,137.5444161
5.5571096,-0.2012376
30.1875746,117.5942216
26.3586885,-80.0830984
4.11145945,-73.49678363
35.7803977,-78.6390989
25.6093239,85.1235252
46.038923,-67.960052
25.0782266,-77.3383438
20.8029568,-156.3106833
48.9863555,2.4500537
32.5363788,38.13100331
-23.8857982,-46.4241869
-41.471798,-72.9395915
40.072587,-74.88700756
26.0907673,-98.2788191
66.0850119,-118.0359938
37.6922361,-97.3375448
38.2322766,-90.5629034
41.64912585,41.68129465
25.0375198,121.5636796
41.0799898,-85.1386015
25.7741728,-80.19362
37.0311961,117.6933583
53.9583518,-166.5899634
8.1028532,-63.5469562
39.709152,-104.2219965
5.3356662,-72.3936931
49.453872,11.077298
48.0635145,-91.4880411
32.2617378,-83.7364358
13.7524938,100.4935089
24.471153,39.6111216
38.3488506,38.3189466
-34.78709305,-68.43818677
-2.5387539,140.7037389
52.28979145,104.2938324
55.75828565,37.60436886
64.145981,-21.9422367
42.4396039,-76.4968019
36.7010551,-4.6965495
38.8769326,-77.0893094
40.7127281,-74.0060152
40.7127281,-74.0060152
40.0175017,-78.9071878
-19.9225776,-43.9451356
14.6424667,-90.5131361
45.4641943,9.1896346
38.29071875,-0.570540303
59.0397222,-158.4575
55.8608747,-92.0897947
61.1758781,-149.1107333
40.5767844,-73.84782869
57.2400206,37.8404883
40.4416941,-79.9900861
58.96845435,22.85434015
47.4586072,8.6349201
4.7676576,7.0188527
6.29437795,-75.54975027
53.5505392,8.5851945
52.4796992,-1.9026911
43.2630018,-2.9350039
17.5542149,-99.5048416
6.328034,-10.797788
59.9911386,30.1673669
39.9629,16.4376247
39.58130105,2.709183392
35.1799528,129.0752365
2.4422295,-76.6072368
11.8948389,8.5364136
-33.964444,22.459722
47.7667246,9.1666488
4.3635118,18.5835913
28.6573817,81.51379461
49.841952,24.0315921
55.625578,37.6063916
18.2345399,-66.0351316
43.29088485,45.7776202
28.209538,83.991402
-9.9765362,-67.8220778
-23.390161,-48.720868
15.40464285,73.79813976
3.3000169,117.6330159
36.4072377,-105.573284
14.5906346,120.9799964
42.2713945,-89.093966
-25.4295963,-49.2712724
35.2272086,-80.8430827
37.9162222,40.2363542
0.3712048,34.26479521
-8.4650462,126.4585621
59.4372155,24.7453688
37.0667444,-84.5999413
32.9971298,70.6261718
24.3753438,4.3208436
0.65,121.8604
42.5480503,-91.1143005
62.3238312,-150.108881
45.4641943,9.1896346
-43.530955,172.6364343
-19.9225776,-43.9451356
19.4283512,-155.2382751
59.76826,-151.677552
36.4705658,2.8274937
-1.45056,-48.4682453
-22.28283055,-41.96490907
19.619217,37.211709
-0.152707,37.3092138
22.0700655,-159.4979006
41.3501598,-72.0761998
7.7592893,-63.0866665
55.8680319,158.8025312
19.7595236,-72.2008068
41.65703485,-70.27831721
29.357515,-100.8987707
48.8317223,-64.4837569
5.3566832,-62.6698029
-34.6075682,-58.4370894
22.2157619,-97.8577713
44.5263107,-109.056392
36.34369405,43.0997156
47.6571934,-117.42351
-0.2836634,20.8826368
49.683333,-87.516667
1.2523268,-70.2308883
34.7438754,-117.324492
6.3676953,2.4252507
41.3123363,69.2787079
25.2311534,54.21900831
40.3709886,49.8342633
38.0681008,-117.230949
31.5366066,-103.126191
7.79845155,-76.74603894
12.0315831,29.6516649
43.419754,87.319461
-0.9333,38.0666
-8.6731495,147.262127
39.1014537,-84.5124602
18.0018152,-92.93304015
11.0085934,29.7155751
44.648618,-63.5859487
38.577359,-92.1724265
6.29437795,-75.54975027
11.897307,120.2382323
32.7174202,-117.1627728
36.6915262,-79.8725386
10.5060934,-66.9146008
40.6538754,109.8729897
29.7589382,-95.3676974
38.4375391,-108.2403855
-7.5692489,110.828448
10.4614338,-67.0806217
21.5007671,39.1923429
-19.750833,-47.936666
64.2741955,100.2169635
42.933597,-72.2784264
33.0367407,40.2876459
34.531964,69.2022711
34.1391855,-118.2171579
68.8489378,58.20254192
-3.9284498,136.3766675
35.6892523,51.3896004
-13.7099813,-76.2029793
-43.52005,172.60444
-13.0186915,143.2122425
-15.2668751,23.1365365
-2.7708003,28.60005036
3.7014833,8.9094224
43.6534817,-79.3839347
3.5896654,98.6738261
7.25,3.6
35.6892523,51.3896004
41.8755616,-87.6244212
40.5565531,49.9872548
-22.7368566,-42.57021113
2.85795825,37.71548919
12.0755638,15.0246194
31.5852277,64.3608959
55.1005283,-105.2900485
35.6635976,116.9248681
13.8280295,20.8283652
56.6370122,104.719221
30.197838,71.4719683
33.7680065,66.2385139
-2.4982396,28.8549055
46.88508725,37.32676819
38.0464066,-84.4970393
43.024593,44.68211
6.83344435,9.045834371
59.82502055,5.48837064
41.28506215,69.27115267
-4.0786047,137.1586126
35.6892523,51.3896004
34.3252897,-117.4286824
43.2957547,-0.3685668
-7.9778384,110.3672257
22.223611,-159.485278
-21.6455604,-45.1935254
53.198627,50.113987
2.0349312,45.3419183
8.479004,-13.26795
49.3910136,107.0629034
-6.2678204,14.2417957
24.7978965,-107.393395
58.9939483,-125.7770163
-23.5506507,-46.6333824
55.5897222,-130.7458333
55.625578,37.6063916
26.5707754,128.0255901
7.9366015,98.3529292
-8.0413219,26.7909208
-4.3217055,15.3125974
15.5635972,32.5349123
39.9622601,-83.0007065
11.8382889,-66.6391165
41.894351,21.0219741
51.4893335,-0.144055085
53.3415106,16.0881475
8.5816963,-71.1658075
4.2693102,-54.3962487
-34.0845443,151.1512348
-1.6665685,29.225652
48.3093032,-120.6564879
8.9714493,-79.5341802
14.1057433,-87.2040052
30.7235263,-95.5507771
15.5635972,32.5349123
41.6534847,-70.2823732
6.2655961,101.2639861
35.1987522,-111.651822
25.4230425,-100.9927509
44.0839937,-93.2261076
49.19702875,-123.1629463
2.0383088,45.3421089
40.4167047,-3.7035825
42.8777895,74.6066926
39.9622601,-83.0007065
25.2806868,55.3452789
58.014965,56.246723
34.0007493,-81.0343313
38.8040027,-76.9066396
27.6889719,86.7306718
41.7571701,-88.3147539
33.3532137,43.7875674
49.50207275,-124.0022208
18.465299,-66.116666
39.7392364,-104.984862
33.705406,61.995481
40.7127281,-74.0060152
-3.2996768,-60.6213528
43.0106139,-78.6375283
-42.9121208,-73.63801
25.702096,32.647186
52.3730796,4.8924534
0.2235911,32.6281472
46.0131505,-112.536508
35.6840574,139.7744912
-6.9215529,107.6110212
33.98994845,71.47700475
31.50583955,65.84219012
36.2974945,59.6059232
-4.6731208,140.5768076
9.5285113,99.9347221
40.7127281,-74.0060152
-9.4189857,147.1496604
-4.3351507,15.1437284
-29.9530556,30.9647222
33.4392245,-79.3343041
14.5906346,120.9799964
25.2311534,54.21900831
62.541077,113.978584
-1.950851,30.061507
31.2312707,121.4700152
48.7941031,-123.1729763
7.2237628,124.2467062
54.7814057,32.0461261
20.9034,-101.5349089
15.0519635,120.6445398
32.896672,13.1777923
35.3140968,69.0371905
12.8698101,74.8430082
52.4760892,-71.8258668
44.0042578,28.6375058
33.6938118,73.0651511
67.4566185,86.5308425
28.5903825,81.6416124
28.3803015,115.0153957
8.8653973,-64.2781521
25.2653471,55.2924914
-43.4518704,169.9152863
8.2750351,-62.7558263
32.613208,66.691227
39.0614661,70.473683
34.531964,69.2022711
24.8701057,67.0888007
60.732758,77.600807
24.8546842,67.0207055
55.625578,37.6063916
61.254032,73.3964
37.548341,45.0667111
51.897077,-8.4654674
-4.8776363,11.9748557
-4.3217055,15.3125974
27.5879186,91.863733
-3.1316333,-59.9825041
61.7900426,34.390007
0.5184021,25.2057292
-8.0584933,-34.8848193
74.67913925,-94.84234951
39.315559,-94.2938356
57.6263877,39.8933705
-12.6076318,15.7411039
39.5261206,-119.8126581
62.4540807,-114.377385
27.7019771,85.3510111
49.2608724,-123.113952
29.634135,-82.2676019
-4.0458404,27.5368974
34.5260109,69.1776838
57.153534,65.542274
33.6938118,73.0651511
10.80144715,-74.77448958
28.7838097,83.7304953
5.5571096,-0.2012376
6.4550575,3.3941795
-6.175247,106.8270488
10.3743673,30.8001654
27.708317,85.3205817
17.10371515,-61.79045046
15.3538569,44.2058841
20.7187712,96.8269218
55.625578,37.6063916
48.0158753,37.8013407
-1.6665685,29.225652
-8.6524973,115.2191175
34.93907665,69.27647272
51.267071,-80.650635
37.7790262,-122.419906
2.0349312,45.3419183
33.5206824,-86.8024326
6.4550575,3.3941795
6.8830259,116.8493801
-10.997342,-66.0751504
51.018938,-93.827362
55.861155,-4.2501687
56.6370122,104.719221
36.5984231,10.4990402
51.6083124,-0.025026901
47.6038321,-122.330062
25.540787,-100.9466688
61.8212196,22.6970217
19.63429275,103.5504616
48.5717084,39.2973153
-1.2946974,36.8060237
21.0235566,105.5537358
48.1482659,38.6482653
23.5663766,119.5784885
19.4641919,0.8573623
35.6892523,51.3896004
24.3753438,4.3208436
-2.5196915,32.9014417
-9.4189857,147.1496604
33.9004572,-98.5020777
-5.0471488,111.4892358
25.0375198,121.5636796
-29.0163711,-68.2226439
55.47572885,-131.1095804
3.5896654,98.6738261
-4.3641086,139.3012904
34.430195,70.460128
4.8459246,31.5959173
2.031684,45.3113797
28.5402676,83.6495034
21.1766471,92.00350503
-1.40711975,-77.9784093
47.2216548,39.7096061
35.80178275,-83.57430987
-6.1159886,141.2981755
25.2653471,55.2924914
35.84739655,14.49229518
6.1909225,-67.4841891
42.8777895,74.6066926
-37.8142454,144.9631732
41.0091982,28.9662187
38.3505995,-81.6332812
27.68660125,86.7291582
-37.8246698,140.7819596
5.320357,-4.016107
-2.9091907,35.82794613
9.85538865,-85.37167621
36.097743,-112.0967621
55.285088,38.3959035
35.5200185,35.7781044
40.7127281,-74.0060152
27.708317,85.3205817
36.5755523,2.9128963
40.0340663,-75.1760462
32.149092,-81.1631681
23.135305,-82.3589631
-25.7459277,28.1879101
46.8332439,9.2834557
7.4393793,151.8515538
-6.1832897,106.8116544
6.8137426,-58.1624465
35.8224892,50.9904681
29.7589382,-95.3676974
7.9704923,-72.5293592
8.750004,38.981734
-41.471798,-72.9395915
55.625578,37.6063916
30.9292303,74.6212807
41.6529143,-83.5378173
49.841952,24.0315921
43.2363924,76.9457275
13.4420067,22.446005
41.0091982,28.9662187
14.5906346,120.9799964
24.8546842,67.0207055
11.2450558,75.7754716
4.8459246,31.5959173
-6.30446025,106.8225384
6.0886509,121.1070509
59.0827605,159.9512943
57.694408,93.281029
32.7947731,-116.962526
23.5715402,111.0139268
-1.32450695,31.80510816
-12.0621065,-77.0365256
6.2443382,-75.573553
